-- MySQL dump 10.13  Distrib 8.0.40, for Win64 (x86_64)
--
-- Host: 127.0.0.1    Database: atlas
-- ------------------------------------------------------
-- Server version	8.0.40

/*!40101 SET @OLD_CHARACTER_SET_CLIENT=@@CHARACTER_SET_CLIENT */;
/*!40101 SET @OLD_CHARACTER_SET_RESULTS=@@CHARACTER_SET_RESULTS */;
/*!40101 SET @OLD_COLLATION_CONNECTION=@@COLLATION_CONNECTION */;
/*!50503 SET NAMES utf8 */;
/*!40103 SET @OLD_TIME_ZONE=@@TIME_ZONE */;
/*!40103 SET TIME_ZONE='+00:00' */;
/*!40014 SET @OLD_UNIQUE_CHECKS=@@UNIQUE_CHECKS, UNIQUE_CHECKS=0 */;
/*!40014 SET @OLD_FOREIGN_KEY_CHECKS=@@FOREIGN_KEY_CHECKS, FOREIGN_KEY_CHECKS=0 */;
/*!40101 SET @OLD_SQL_MODE=@@SQL_MODE, SQL_MODE='NO_AUTO_VALUE_ON_ZERO' */;
/*!40111 SET @OLD_SQL_NOTES=@@SQL_NOTES, SQL_NOTES=0 */;

--
-- Table structure for table `color_details`
--

DROP TABLE IF EXISTS `color_details`;
/*!40101 SET @saved_cs_client     = @@character_set_client */;
/*!50503 SET character_set_client = utf8mb4 */;
CREATE TABLE `color_details` (
  `ColorId` varchar(50) DEFAULT NULL,
  `Size` varchar(20) DEFAULT NULL,
  `BaseColor` json DEFAULT NULL,
  `Color1` json DEFAULT NULL,
  `Color2` json DEFAULT NULL,
  `Color3` json DEFAULT NULL,
  `Color4` json DEFAULT NULL,
  `Color5` json DEFAULT NULL,
  `Color6` json DEFAULT NULL,
  `Color7` json DEFAULT NULL,
  `Color8` json DEFAULT NULL,
  `Color9` json DEFAULT NULL,
  `Color10` json DEFAULT NULL,
  `Color11` json DEFAULT NULL,
  `Color12` json DEFAULT NULL,
  `Color13` json DEFAULT NULL,
  `Color14` json DEFAULT NULL,
  `Date` timestamp NULL DEFAULT CURRENT_TIMESTAMP,
  `UserId` varchar(50) DEFAULT NULL,
  `updated_at` timestamp NULL DEFAULT NULL ON UPDATE CURRENT_TIMESTAMP,
  KEY `ColorId` (`ColorId`),
  CONSTRAINT `color_details_ibfk_1` FOREIGN KEY (`ColorId`) REFERENCES `color_matching` (`ColorId`) ON DELETE CASCADE ON UPDATE CASCADE
) ENGINE=InnoDB DEFAULT CHARSET=utf8mb4 COLLATE=utf8mb4_0900_ai_ci;
/*!40101 SET character_set_client = @saved_cs_client */;

--
-- Dumping data for table `color_details`
--

LOCK TABLES `color_details` WRITE;
/*!40000 ALTER TABLE `color_details` DISABLE KEYS */;
INSERT INTO `color_details` VALUES ('FC21BEE','FreeSize','{\"Name\": \"V09BE98767\", \"Weight\": \"1000\"}','{\"Name\": \"V09GY98767\", \"Weight\": \"0.230\"}','{\"Name\": \"\", \"Weight\": \"\"}','{\"Name\": \"\", \"Weight\": \"\"}','{\"Name\": \"\", \"Weight\": \"\"}','{\"Name\": \"\", \"Weight\": \"\"}','{\"Name\": \"\", \"Weight\": \"\"}','{\"Name\": \"\", \"Weight\": \"\"}','{\"Name\": \"\", \"Weight\": \"\"}','{\"Name\": \"\", \"Weight\": \"\"}','{\"Name\": \"\", \"Weight\": \"\"}','{\"Name\": \"\", \"Weight\": \"\"}','{\"Name\": \"\", \"Weight\": \"\"}','{\"Name\": \"\", \"Weight\": \"\"}','{\"Name\": \"\", \"Weight\": \"\"}','2024-12-26 05:26:25',NULL,NULL),('FC21BLK','FreeSize','{\"Name\": \"V09BK99999\", \"Weight\": \"1000\"}','{\"Name\": \"V09YW98709\", \"Weight\": \"0.230\"}','{\"Name\": \"\", \"Weight\": \"\"}','{\"Name\": \"\", \"Weight\": \"\"}','{\"Name\": \"\", \"Weight\": \"\"}','{\"Name\": \"\", \"Weight\": \"\"}','{\"Name\": \"\", \"Weight\": \"\"}','{\"Name\": \"\", \"Weight\": \"\"}','{\"Name\": \"\", \"Weight\": \"\"}','{\"Name\": \"\", \"Weight\": \"\"}','{\"Name\": \"\", \"Weight\": \"\"}','{\"Name\": \"\", \"Weight\": \"\"}','{\"Name\": \"\", \"Weight\": \"\"}','{\"Name\": \"\", \"Weight\": \"\"}','{\"Name\": \"\", \"Weight\": \"\"}','2024-12-26 05:26:25',NULL,NULL),('FC21GOD','FreeSize','{\"Name\": \"V48RD06401\", \"Weight\": \"1000\"}','{\"Name\": \"V98PK76547\", \"Weight\": \"0.230\"}','{\"Name\": \"\", \"Weight\": \"\"}','{\"Name\": \"\", \"Weight\": \"\"}','{\"Name\": \"\", \"Weight\": \"\"}','{\"Name\": \"\", \"Weight\": \"\"}','{\"Name\": \"\", \"Weight\": \"\"}','{\"Name\": \"\", \"Weight\": \"\"}','{\"Name\": \"\", \"Weight\": \"\"}','{\"Name\": \"\", \"Weight\": \"\"}','{\"Name\": \"\", \"Weight\": \"\"}','{\"Name\": \"\", \"Weight\": \"\"}','{\"Name\": \"\", \"Weight\": \"\"}','{\"Name\": \"\", \"Weight\": \"\"}','{\"Name\": \"\", \"Weight\": \"\"}','2024-12-26 05:26:25',NULL,NULL),('FC22BLK','FreeSize','{\"Name\": \"V09BE98767\", \"Weight\": \"1000\"}','{\"Name\": \"\", \"Weight\": \"\"}','{\"Name\": \"\", \"Weight\": \"\"}','{\"Name\": \"\", \"Weight\": \"\"}','{\"Name\": \"\", \"Weight\": \"\"}','{\"Name\": \"\", \"Weight\": \"\"}','{\"Name\": \"\", \"Weight\": \"\"}','{\"Name\": \"\", \"Weight\": \"\"}','{\"Name\": \"\", \"Weight\": \"\"}','{\"Name\": \"\", \"Weight\": \"\"}','{\"Name\": \"\", \"Weight\": \"\"}','{\"Name\": \"\", \"Weight\": \"\"}','{\"Name\": \"\", \"Weight\": \"\"}','{\"Name\": \"\", \"Weight\": \"\"}','{\"Name\": \"\", \"Weight\": \"\"}','2024-12-26 05:26:25',NULL,NULL),('BC22BLK','FreeSize','{\"Name\": \"V09BE98767\", \"Weight\": \"1000\"}','{\"Name\": \"\", \"Weight\": \"\"}','{\"Name\": \"\", \"Weight\": \"\"}','{\"Name\": \"\", \"Weight\": \"\"}','{\"Name\": \"\", \"Weight\": \"\"}','{\"Name\": \"\", \"Weight\": \"\"}','{\"Name\": \"\", \"Weight\": \"\"}','{\"Name\": \"\", \"Weight\": \"\"}','{\"Name\": \"\", \"Weight\": \"\"}','{\"Name\": \"\", \"Weight\": \"\"}','{\"Name\": \"\", \"Weight\": \"\"}','{\"Name\": \"\", \"Weight\": \"\"}','{\"Name\": \"\", \"Weight\": \"\"}','{\"Name\": \"\", \"Weight\": \"\"}','{\"Name\": \"\", \"Weight\": \"\"}','2024-12-26 05:26:25',NULL,NULL),('BS22BLK','FreeSize','{\"Name\": \"V09BE98767\", \"Weight\": \"1000\"}','{\"Name\": \"\", \"Weight\": \"\"}','{\"Name\": \"\", \"Weight\": \"\"}','{\"Name\": \"\", \"Weight\": \"\"}','{\"Name\": \"\", \"Weight\": \"\"}','{\"Name\": \"\", \"Weight\": \"\"}','{\"Name\": \"\", \"Weight\": \"\"}','{\"Name\": \"\", \"Weight\": \"\"}','{\"Name\": \"\", \"Weight\": \"\"}','{\"Name\": \"\", \"Weight\": \"\"}','{\"Name\": \"\", \"Weight\": \"\"}','{\"Name\": \"\", \"Weight\": \"\"}','{\"Name\": \"\", \"Weight\": \"\"}','{\"Name\": \"\", \"Weight\": \"\"}','{\"Name\": \"\", \"Weight\": \"\"}','2024-12-26 05:26:25',NULL,NULL),('FC22RED','FreeSize','{\"Name\": \"V09BK99999\", \"Weight\": \"1000\"}','{\"Name\": \"\", \"Weight\": \"\"}','{\"Name\": \"\", \"Weight\": \"\"}','{\"Name\": \"\", \"Weight\": \"\"}','{\"Name\": \"\", \"Weight\": \"\"}','{\"Name\": \"\", \"Weight\": \"\"}','{\"Name\": \"\", \"Weight\": \"\"}','{\"Name\": \"\", \"Weight\": \"\"}','{\"Name\": \"\", \"Weight\": \"\"}','{\"Name\": \"\", \"Weight\": \"\"}','{\"Name\": \"\", \"Weight\": \"\"}','{\"Name\": \"\", \"Weight\": \"\"}','{\"Name\": \"\", \"Weight\": \"\"}','{\"Name\": \"\", \"Weight\": \"\"}','{\"Name\": \"\", \"Weight\": \"\"}','2024-12-26 05:26:25',NULL,NULL),('BC22RED','FreeSize','{\"Name\": \"V09BK99999\", \"Weight\": \"1000\"}','{\"Name\": \"\", \"Weight\": \"\"}','{\"Name\": \"\", \"Weight\": \"\"}','{\"Name\": \"\", \"Weight\": \"\"}','{\"Name\": \"\", \"Weight\": \"\"}','{\"Name\": \"\", \"Weight\": \"\"}','{\"Name\": \"\", \"Weight\": \"\"}','{\"Name\": \"\", \"Weight\": \"\"}','{\"Name\": \"\", \"Weight\": \"\"}','{\"Name\": \"\", \"Weight\": \"\"}','{\"Name\": \"\", \"Weight\": \"\"}','{\"Name\": \"\", \"Weight\": \"\"}','{\"Name\": \"\", \"Weight\": \"\"}','{\"Name\": \"\", \"Weight\": \"\"}','{\"Name\": \"\", \"Weight\": \"\"}','2024-12-26 05:26:25',NULL,NULL),('BS22RED','FreeSize','{\"Name\": \"V09BK99999\", \"Weight\": \"1000\"}','{\"Name\": \"\", \"Weight\": \"\"}','{\"Name\": \"\", \"Weight\": \"\"}','{\"Name\": \"\", \"Weight\": \"\"}','{\"Name\": \"\", \"Weight\": \"\"}','{\"Name\": \"\", \"Weight\": \"\"}','{\"Name\": \"\", \"Weight\": \"\"}','{\"Name\": \"\", \"Weight\": \"\"}','{\"Name\": \"\", \"Weight\": \"\"}','{\"Name\": \"\", \"Weight\": \"\"}','{\"Name\": \"\", \"Weight\": \"\"}','{\"Name\": \"\", \"Weight\": \"\"}','{\"Name\": \"\", \"Weight\": \"\"}','{\"Name\": \"\", \"Weight\": \"\"}','{\"Name\": \"\", \"Weight\": \"\"}','2024-12-26 05:26:25',NULL,NULL),('FC26GOD','S','{\"Name\": \"V09BE98767\", \"Weight\": \"3\"}',NULL,NULL,NULL,NULL,NULL,NULL,NULL,NULL,NULL,NULL,NULL,NULL,NULL,NULL,'2024-12-26 05:26:25',NULL,NULL),('BC26GOD','S','{\"Name\": \"V09BE98767\", \"Weight\": \"3\"}',NULL,NULL,NULL,NULL,NULL,NULL,NULL,NULL,NULL,NULL,NULL,NULL,NULL,NULL,'2024-12-26 05:26:25',NULL,NULL),('FC26SIR','S','{\"Name\": \"V09BK99999\", \"Weight\": \"3\"}',NULL,NULL,NULL,NULL,NULL,NULL,NULL,NULL,NULL,NULL,NULL,NULL,NULL,NULL,'2024-12-26 05:26:25',NULL,NULL),('BC26SIR','S','{\"Name\": \"V09BK99999\", \"Weight\": \"3\"}',NULL,NULL,NULL,NULL,NULL,NULL,NULL,NULL,NULL,NULL,NULL,NULL,NULL,NULL,'2024-12-26 05:26:25',NULL,NULL),('FC28GODXL','XL','{\"Name\": \"V09BE98767\", \"Weight\": \"350\"}',NULL,NULL,NULL,NULL,NULL,NULL,NULL,NULL,NULL,NULL,NULL,NULL,NULL,NULL,'2024-12-26 05:26:25',NULL,NULL),('BC28GODXL','XL','{\"Name\": \"V09BE98767\", \"Weight\": \"350\"}',NULL,NULL,NULL,NULL,NULL,NULL,NULL,NULL,NULL,NULL,NULL,NULL,NULL,NULL,'2024-12-26 05:26:25',NULL,NULL),('BS28GODXL','XL','{\"Name\": \"V09BE98767\", \"Weight\": \"120\"}',NULL,NULL,NULL,NULL,NULL,NULL,NULL,NULL,NULL,NULL,NULL,NULL,NULL,NULL,'2024-12-26 05:26:25',NULL,NULL),('FC28SIRXL','XL','{\"Name\": \"V09BK99999\", \"Weight\": \"350\"}',NULL,NULL,NULL,NULL,NULL,NULL,NULL,NULL,NULL,NULL,NULL,NULL,NULL,NULL,'2024-12-26 05:26:25',NULL,NULL),('BS28SIRXL','XL','{\"Name\": \"V09BK99999\", \"Weight\": \"120\"}',NULL,NULL,NULL,NULL,NULL,NULL,NULL,NULL,NULL,NULL,NULL,NULL,NULL,NULL,'2024-12-26 05:26:25',NULL,NULL),('BC28SIRXL','XL','{\"Name\": \"V09BK99999\", \"Weight\": \"350\"}',NULL,NULL,NULL,NULL,NULL,NULL,NULL,NULL,NULL,NULL,NULL,NULL,NULL,NULL,'2024-12-26 05:26:25',NULL,NULL),('FC28SIRXL','XL','{\"Name\": \"V09BK99999\", \"Weight\": \"350\"}',NULL,NULL,NULL,NULL,NULL,NULL,NULL,NULL,NULL,NULL,NULL,NULL,NULL,NULL,'2024-12-26 05:26:25',NULL,NULL),('BC28SIRXL','XL','{\"Name\": \"V09BK99999\", \"Weight\": \"350\"}',NULL,NULL,NULL,NULL,NULL,NULL,NULL,NULL,NULL,NULL,NULL,NULL,NULL,NULL,'2024-12-26 05:26:25',NULL,NULL),('BS28SIRXL','XL','{\"Name\": \"V09BK99999\", \"Weight\": \"120\"}',NULL,NULL,NULL,NULL,NULL,NULL,NULL,NULL,NULL,NULL,NULL,NULL,NULL,NULL,'2024-12-26 05:26:25',NULL,NULL),('BS22BLEM','M','{\"Name\": \"V09BE98767\", \"Weight\": \"250\"}',NULL,NULL,NULL,NULL,NULL,NULL,NULL,NULL,NULL,NULL,NULL,NULL,NULL,NULL,'2024-12-26 05:26:25',NULL,NULL),('BC22BLEM','M','{\"Name\": \"V09BE98767\", \"Weight\": \"250\"}',NULL,NULL,NULL,NULL,NULL,NULL,NULL,NULL,NULL,NULL,NULL,NULL,NULL,NULL,'2024-12-26 05:26:25',NULL,NULL),('FC22BLEM','M','{\"Name\": \"V09BE98767\", \"Weight\": \"250\"}',NULL,NULL,NULL,NULL,NULL,NULL,NULL,NULL,NULL,NULL,NULL,NULL,NULL,NULL,'2024-12-26 05:26:25',NULL,NULL),('FC30REDFreeSize','FreeSize','{\"Name\": \"V48RD06401\", \"Weight\": \"300\"}','{\"Name\": \"V98PK76547\", \"Weight\": \"50\"}',NULL,NULL,NULL,NULL,NULL,NULL,NULL,NULL,NULL,NULL,NULL,NULL,NULL,'2024-12-26 05:26:25',NULL,NULL),('BC30REDFreeSize','FreeSize','{\"Name\": \"V48RD06401\", \"Weight\": \"310\"}',NULL,NULL,NULL,NULL,NULL,NULL,NULL,NULL,NULL,NULL,NULL,NULL,NULL,NULL,'2024-12-26 05:26:25',NULL,NULL),('BS30REDFreeSize','FreeSize','{\"Name\": \"V48RD06401\", \"Weight\": \"120\"}',NULL,NULL,NULL,NULL,NULL,NULL,NULL,NULL,NULL,NULL,NULL,NULL,NULL,NULL,'2024-12-26 05:26:25',NULL,NULL),('FC30BLEFreeSize','FreeSize','{\"Name\": \"V09BE98767\", \"Weight\": \"300\"}','{\"Name\": \"V98PK76547\", \"Weight\": \"50\"}',NULL,NULL,NULL,NULL,NULL,NULL,NULL,NULL,NULL,NULL,NULL,NULL,NULL,'2024-12-26 05:26:25',NULL,NULL),('BC30BLEFreeSize','FreeSize','{\"Name\": \"V09BE98767\", \"Weight\": \"310\"}',NULL,NULL,NULL,NULL,NULL,NULL,NULL,NULL,NULL,NULL,NULL,NULL,NULL,NULL,'2024-12-26 05:26:25',NULL,NULL),('BS30BLEFreeSize','FreeSize','{\"Name\": \"V09BE98767\", \"Weight\": \"120\"}',NULL,NULL,NULL,NULL,NULL,NULL,NULL,NULL,NULL,NULL,NULL,NULL,NULL,NULL,'2024-12-26 05:26:25',NULL,NULL),('FC30WHEFreeSize','FreeSize','{\"Name\": \"V09GY98767\", \"Weight\": \"300\"}','{\"Name\": \"V98PK76547\", \"Weight\": \"50\"}',NULL,NULL,NULL,NULL,NULL,NULL,NULL,NULL,NULL,NULL,NULL,NULL,NULL,'2024-12-26 05:26:25',NULL,NULL),('BC30WHEFreeSize','FreeSize','{\"Name\": \"V09GY98767\", \"Weight\": \"310\"}',NULL,NULL,NULL,NULL,NULL,NULL,NULL,NULL,NULL,NULL,NULL,NULL,NULL,NULL,'2024-12-26 05:26:25',NULL,NULL),('BS30WHEFreeSize','FreeSize','{\"Name\": \"V09BE98767\", \"Weight\": \"120\"}',NULL,NULL,NULL,NULL,NULL,NULL,NULL,NULL,NULL,NULL,NULL,NULL,NULL,NULL,'2024-12-26 05:26:25',NULL,NULL),('FC34BLEM','M','{\"Name\": \"V09BE98767\", \"Weight\": \"350\"}',NULL,NULL,NULL,NULL,NULL,NULL,NULL,NULL,NULL,NULL,NULL,NULL,NULL,NULL,'2024-12-26 05:26:25',NULL,NULL),('BC45BLES','S','{\"Name\": \"V09BE98767\", \"Weight\": \"320\"}',NULL,NULL,NULL,NULL,NULL,NULL,NULL,NULL,NULL,NULL,NULL,NULL,NULL,NULL,'2024-12-28 08:16:02',NULL,NULL),('FC46BLEXL','XL','{\"Name\": \"V09BE98767\", \"Weight\": \"300\"}',NULL,NULL,NULL,NULL,NULL,NULL,NULL,NULL,NULL,NULL,NULL,NULL,NULL,NULL,'2024-12-28 08:23:19',NULL,NULL),('BC50GRNS','S','{\"Name\": \"V98PK76547\", \"Weight\": \"320\"}',NULL,NULL,NULL,NULL,NULL,NULL,NULL,NULL,NULL,NULL,NULL,NULL,NULL,NULL,'2024-12-28 08:40:56',NULL,NULL),('BC51BLEM','M','{\"Name\": \"V09BE98767\", \"Weight\": \"300\"}',NULL,NULL,NULL,NULL,NULL,NULL,NULL,NULL,NULL,NULL,NULL,NULL,NULL,NULL,'2024-12-28 08:42:55',NULL,NULL),('FC52REDM','M','{\"Name\": \"V48RD06401\", \"Weight\": \"300\"}',NULL,NULL,NULL,NULL,NULL,NULL,NULL,NULL,NULL,NULL,NULL,NULL,NULL,NULL,'2024-12-28 08:45:50',NULL,NULL),('FC52BLEM','M','{\"Name\": \"V09BE98767\", \"Weight\": \"300\"}',NULL,NULL,NULL,NULL,NULL,NULL,NULL,NULL,NULL,NULL,NULL,NULL,NULL,NULL,'2024-12-28 08:45:59',NULL,NULL),('FC53BLKXL','XL','{\"Name\": \"V09BK99999\", \"Weight\": \"300\"}',NULL,NULL,NULL,NULL,NULL,NULL,NULL,NULL,NULL,NULL,NULL,NULL,NULL,NULL,'2024-12-28 08:51:14',NULL,NULL),('BC54REDS','S','{\"Name\": \"V48RD06401\", \"Weight\": \"300\"}','{\"Name\": \"V09BE98767\", \"Weight\": \"20\"}',NULL,NULL,NULL,NULL,NULL,NULL,NULL,NULL,NULL,NULL,NULL,NULL,NULL,'2024-12-28 08:54:40',NULL,NULL),('BC55REDM','M','{\"Name\": \"V48RD06401\", \"Weight\": \"300\"}',NULL,NULL,NULL,NULL,NULL,NULL,NULL,NULL,NULL,NULL,NULL,NULL,NULL,NULL,'2024-12-28 08:58:48','admin',NULL),('FC56REDXL','XL','{\"Name\": \"V48RD06401\", \"Weight\": \"320\"}',NULL,NULL,NULL,NULL,NULL,NULL,NULL,NULL,NULL,NULL,NULL,NULL,NULL,NULL,'2024-12-28 09:16:26','admin',NULL),('FC23REDM','M','{\"Name\": \"V48RD06401\", \"Weight\": \"320\"}',NULL,NULL,NULL,NULL,NULL,NULL,NULL,NULL,NULL,NULL,NULL,NULL,NULL,NULL,'2024-12-28 10:10:33','admin',NULL),('FC23BLEM','M','{\"Name\": \"V09BE98767\", \"Weight\": \"320\"}',NULL,NULL,NULL,NULL,NULL,NULL,NULL,NULL,NULL,NULL,NULL,NULL,NULL,NULL,'2024-12-28 10:11:17','admin',NULL),('FC69REDXL','XL','{\"Name\": \"V48RD06401\", \"Weight\": \"350\"}',NULL,NULL,NULL,NULL,NULL,NULL,NULL,NULL,NULL,NULL,NULL,NULL,NULL,NULL,'2024-12-30 09:13:51','admin',NULL),('BC69REDXL','XL','{\"Name\": \"V48RD06401\", \"Weight\": \"200\"}',NULL,NULL,NULL,NULL,NULL,NULL,NULL,NULL,NULL,NULL,NULL,NULL,NULL,NULL,'2024-12-30 09:13:51','admin',NULL),('FC69PUEM','M','{\"Name\": \"V09BE98767\", \"Weight\": \"300\"}',NULL,NULL,NULL,NULL,NULL,NULL,NULL,NULL,NULL,NULL,NULL,NULL,NULL,NULL,'2024-12-30 10:25:18','admin',NULL),('BC69PUEM','M','{\"Name\": \"V09GY98767\", \"Weight\": \"300\"}','{\"Name\": \"V09BE98767\", \"Weight\": \"50\"}',NULL,NULL,NULL,NULL,NULL,NULL,NULL,NULL,NULL,NULL,NULL,NULL,NULL,'2024-12-30 10:25:18','admin',NULL),('BC69SIRM','M','{\"Name\": \"V09GY98767\", \"Weight\": \"300\"}','{\"Name\": \"V98PK76547\", \"Weight\": \"50\"}',NULL,NULL,NULL,NULL,NULL,NULL,NULL,NULL,NULL,NULL,NULL,NULL,NULL,'2024-12-30 10:25:40','admin',NULL),('FC69SIRM','M','{\"Name\": \"V64GD897/78\", \"Weight\": \"300\"}',NULL,NULL,NULL,NULL,NULL,NULL,NULL,NULL,NULL,NULL,NULL,NULL,NULL,NULL,'2024-12-30 10:25:40','admin',NULL),('FC69SIRM','M','{\"Name\": \"V64GD897/78\", \"Weight\": \"300\"}',NULL,NULL,NULL,NULL,NULL,NULL,NULL,NULL,NULL,NULL,NULL,NULL,NULL,NULL,'2024-12-30 10:25:41','admin',NULL),('BC69SIRM','M','{\"Name\": \"V09GY98767\", \"Weight\": \"300\"}','{\"Name\": \"V98PK76547\", \"Weight\": \"50\"}',NULL,NULL,NULL,NULL,NULL,NULL,NULL,NULL,NULL,NULL,NULL,NULL,NULL,'2024-12-30 10:25:41','admin',NULL);
/*!40000 ALTER TABLE `color_details` ENABLE KEYS */;
UNLOCK TABLES;

--
-- Table structure for table `color_matching`
--

DROP TABLE IF EXISTS `color_matching`;
/*!40101 SET @saved_cs_client     = @@character_set_client */;
/*!50503 SET character_set_client = utf8mb4 */;
CREATE TABLE `color_matching` (
  `ColorId` varchar(50) NOT NULL,
  `RSN` int DEFAULT NULL,
  `MatchingName` varchar(30) DEFAULT NULL,
  `Panel` varchar(30) DEFAULT NULL,
  `Date` timestamp NULL DEFAULT CURRENT_TIMESTAMP,
  `UserId` varchar(50) DEFAULT NULL,
  `updated_at` timestamp NULL DEFAULT NULL ON UPDATE CURRENT_TIMESTAMP,
  PRIMARY KEY (`ColorId`),
  KEY `RSN` (`RSN`),
  CONSTRAINT `color_matching_ibfk_1` FOREIGN KEY (`RSN`) REFERENCES `sample_details` (`RSN`) ON DELETE CASCADE ON UPDATE CASCADE
) ENGINE=InnoDB DEFAULT CHARSET=utf8mb4 COLLATE=utf8mb4_0900_ai_ci;
/*!40101 SET character_set_client = @saved_cs_client */;

--
-- Dumping data for table `color_matching`
--

LOCK TABLES `color_matching` WRITE;
/*!40000 ALTER TABLE `color_matching` DISABLE KEYS */;
INSERT INTO `color_matching` VALUES ('10RDFrontComplete',10,'R','D','2024-12-26 05:26:43',NULL,NULL),('10RDKharcha2',10,'REd','back','2024-12-26 05:26:43',NULL,NULL),('10RDTape',10,'R','D','2024-12-26 05:26:43',NULL,NULL),('10WEFrontComplete',10,'W','E','2024-12-26 05:26:43',NULL,NULL),('10WEKharcha2',10,'W','E','2024-12-26 05:26:43',NULL,NULL),('10WETape',10,'W','E','2024-12-26 05:26:43',NULL,NULL),('11BEFrontComplete',11,'blue','FrontComplete','2024-12-26 05:26:43',NULL,NULL),('11BETape',11,'blue','Tape','2024-12-26 05:26:43',NULL,NULL),('11BKFrontComplete',11,'B','K','2024-12-26 05:26:43',NULL,NULL),('11BKTape',11,'B','K','2024-12-26 05:26:43',NULL,NULL),('11GreyFrontComplete',11,'Grey','Front','2024-12-26 05:26:43',NULL,NULL),('11GreyTape',11,'Grey','Tape','2024-12-26 05:26:43',NULL,NULL),('11YWFR',11,'Yellow','FRONTCOMPLETE','2024-12-26 05:26:43',NULL,NULL),('11YWTA',11,'Yellow','TAPE','2024-12-26 05:26:43',NULL,NULL),('BC22BLEM',22,'Blue','BackComplete','2024-12-26 05:26:43',NULL,NULL),('BC22BLK',22,'Black','BackComplete','2024-12-26 05:26:43',NULL,NULL),('BC22RED',22,'Red','BackComplete','2024-12-26 05:26:43',NULL,NULL),('BC26GOD',26,'Gold','BackComplete','2024-12-26 05:26:43',NULL,NULL),('BC26SIR',26,'Silver','BackComplete','2024-12-26 05:26:43',NULL,NULL),('BC28GODXL',28,'Gold','BackComplete','2024-12-26 05:26:43',NULL,NULL),('BC28SIRXL',28,'Silver','BackComplete','2024-12-26 05:26:43',NULL,NULL),('BC30BLEFreeSize',30,'Blue','BackComplete','2024-12-26 05:26:43',NULL,NULL),('BC30REDFreeSize',30,'Red','BackComplete','2024-12-26 05:26:43',NULL,NULL),('BC30WHEFreeSize',30,'White','BackComplete','2024-12-26 05:26:43',NULL,NULL),('BC45BLES',45,'blue','BackComplete','2024-12-28 08:15:50','admin',NULL),('BC49REDM',49,'red','BackComplete','2024-12-28 08:37:17','admin',NULL),('BC50GRNS',50,'green','BackComplete','2024-12-28 08:40:42','admin',NULL),('BC51BLEM',51,'blue','BackComplete','2024-12-28 08:42:44','admin',NULL),('BC54REDS',54,'red','BackComplete','2024-12-28 08:54:24','admin',NULL),('BC55REDM',55,'Red','BackComplete','2024-12-28 08:58:37','admin',NULL),('BC69PUEM',69,'Purple','BackComplete','2024-12-30 10:24:24','admin',NULL),('BC69REDXL',69,'Red','BackComplete','2024-12-30 09:13:26','admin',NULL),('BC69SIRM',69,'Silver','BackComplete','2024-12-30 10:24:24','admin',NULL),('BS22BLEM',22,'Blue','BothSleeves','2024-12-26 05:26:43',NULL,NULL),('BS22BLK',22,'Black','BothSleeves','2024-12-26 05:26:43',NULL,NULL),('BS22RED',22,'Red','BothSleeves','2024-12-26 05:26:43',NULL,NULL),('BS28GODXL',28,'Gold','BothSleeves','2024-12-26 05:26:43',NULL,NULL),('BS28SIRXL',28,'Silver','BothSleeves','2024-12-26 05:26:43',NULL,NULL),('BS30BLEFreeSize',30,'Blue','BothSleeves','2024-12-26 05:26:43',NULL,NULL),('BS30REDFreeSize',30,'Red','BothSleeves','2024-12-26 05:26:43',NULL,NULL),('BS30WHEFreeSize',30,'White','BothSleeves','2024-12-26 05:26:43',NULL,NULL),('CM001',5,'Red','Front','2024-12-26 05:26:43',NULL,NULL),('FC12BE',12,'Blue','FrontComplete','2024-12-26 05:26:43',NULL,NULL),('FC12BK',12,'Black','FrontComplete','2024-12-26 05:26:43',NULL,NULL),('FC12CN',12,'Cyan','FrontComplete','2024-12-26 05:26:43',NULL,NULL),('FC12GD',12,'Gold','FrontComplete','2024-12-26 05:26:43',NULL,NULL),('FC12OE',12,'Olive','FrontComplete','2024-12-26 05:26:43',NULL,NULL),('FC12ON',12,'Onion','FrontComplete','2024-12-26 05:26:43',NULL,NULL),('FC12PK',12,'Pink','FrontComplete','2024-12-26 05:26:43',NULL,NULL),('FC12RD',12,'Red','FrontComplete','2024-12-26 05:26:43',NULL,NULL),('FC12RE',12,'Rose','FrontComplete','2024-12-26 05:26:43',NULL,NULL),('FC12SR',12,'Silver','FrontComplete','2024-12-26 05:26:43',NULL,NULL),('FC12V ',12,'Violet ','FrontComplete','2024-12-26 05:26:43',NULL,NULL),('FC12WE',12,'White','FrontComplete','2024-12-26 05:26:43',NULL,NULL),('FC12YW',12,'Yellow','FrontComplete','2024-12-26 05:26:43',NULL,NULL),('FC13BE',13,'Blue','FrontComplete','2024-12-26 05:26:43',NULL,NULL),('FC13BN',13,'Brown','FrontComplete','2024-12-26 05:26:43',NULL,NULL),('FC13GD',13,'Gold','FrontComplete','2024-12-26 05:26:43',NULL,NULL),('FC13GN',13,'Green','FrontComplete','2024-12-26 05:26:43',NULL,NULL),('FC13OE',13,'Olive','FrontComplete','2024-12-26 05:26:43',NULL,NULL),('FC13PK',13,'Peacock','FrontComplete','2024-12-26 05:26:43',NULL,NULL),('FC13RD',13,'Red','FrontComplete','2024-12-26 05:26:43',NULL,NULL),('FC13RE',13,'Rose','FrontComplete','2024-12-26 05:26:43',NULL,NULL),('FC13SR',13,'Silver','FrontComplete','2024-12-26 05:26:43',NULL,NULL),('FC13TO',13,'Tomato','FrontComplete','2024-12-26 05:26:43',NULL,NULL),('FC13VT',13,'Violet','FrontComplete','2024-12-26 05:26:43',NULL,NULL),('FC14BE',14,'Blue','FrontComplete','2024-12-26 05:26:43',NULL,NULL),('FC14RD',14,'Red','FrontComplete','2024-12-26 05:26:43',NULL,NULL),('FC18BE',18,'Blue','FrontComplete','2024-12-26 05:26:43',NULL,NULL),('FC18BK',18,'Black','FrontComplete','2024-12-26 05:26:43',NULL,NULL),('FC18BY',18,'Burgandy','FrontComplete','2024-12-26 05:26:43',NULL,NULL),('FC18DY',18,'DarkGrey','FrontComplete','2024-12-26 05:26:43',NULL,NULL),('FC18GY',18,'Grey','FrontComplete','2024-12-26 05:26:43',NULL,NULL),('FC18HK',18,'hotpink','FrontComplete','2024-12-26 05:26:43',NULL,NULL),('FC18KI',18,'Kiwi','FrontComplete','2024-12-26 05:26:43',NULL,NULL),('FC18MN',18,'Mehroon','FrontComplete','2024-12-26 05:26:43',NULL,NULL),('FC18MO',18,'Mango','FrontComplete','2024-12-26 05:26:43',NULL,NULL),('FC18NK',18,'NudePink','FrontComplete','2024-12-26 05:26:43',NULL,NULL),('FC18NY',18,'Navy','FrontComplete','2024-12-26 05:26:43',NULL,NULL),('FC18OE',18,'OffWhite','FrontComplete','2024-12-26 05:26:43',NULL,NULL),('FC18PK',18,'Peacock','FrontComplete','2024-12-26 05:26:43',NULL,NULL),('FC18RD',18,'Red','FrontComplete','2024-12-26 05:26:43',NULL,NULL),('FC18RL',18,'Royal','FrontComplete','2024-12-26 05:26:43',NULL,NULL),('FC18SE',18,'SkyBlue','FrontComplete','2024-12-26 05:26:43',NULL,NULL),('FC18TL',18,'Teal','FrontComplete','2024-12-26 05:26:43',NULL,NULL),('FC18WE',18,'Wine','FrontComplete','2024-12-26 05:26:43',NULL,NULL),('FC19BE',19,'Blue','FrontComplete','2024-12-26 05:26:43',NULL,NULL),('FC19BEE}G',19,'Beige','FrontComplete','2024-12-26 05:26:43',NULL,NULL),('FC19BK',19,'Black','FrontComplete','2024-12-26 05:26:43',NULL,NULL),('FC19BLE}U',19,'Blue','FrontComplete','2024-12-26 05:26:43',NULL,NULL),('FC19GN',19,'Green','FrontComplete','2024-12-26 05:26:43',NULL,NULL),('FC19OE',19,'Orange','FrontComplete','2024-12-26 05:26:43',NULL,NULL),('FC19ON',19,'Onion','FrontComplete','2024-12-26 05:26:43',NULL,NULL),('FC19PE',19,'Purple','FrontComplete','2024-12-26 05:26:43',NULL,NULL),('FC19PIKN',19,'Pink','FrontComplete','2024-12-26 05:26:43',NULL,NULL),('FC19PK',19,'Pink','FrontComplete','2024-12-26 05:26:43',NULL,NULL),('FC19RD',19,'Red','FrontComplete','2024-12-26 05:26:43',NULL,NULL),('FC19RED',19,'Red','FrontComplete','2024-12-26 05:26:43',NULL,NULL),('FC19WE',19,'White','FrontComplete','2024-12-26 05:26:43',NULL,NULL),('FC20BE',20,'Blue','FrontComplete','2024-12-26 05:26:43',NULL,NULL),('FC20BY',20,'Burgandy','FrontComplete','2024-12-26 05:26:43',NULL,NULL),('FC20LY',20,'LightGrey','FrontComplete','2024-12-26 05:26:43',NULL,NULL),('FC20MO',20,'Mango','FrontComplete','2024-12-26 05:26:43',NULL,NULL),('FC20PE',20,'Purple','FrontComplete','2024-12-26 05:26:43',NULL,NULL),('FC20PK',20,'Pink','FrontComplete','2024-12-26 05:26:43',NULL,NULL),('FC20RD',20,'Red','FrontComplete','2024-12-26 05:26:43',NULL,NULL),('FC20RE',20,'Rose','FrontComplete','2024-12-26 05:26:43',NULL,NULL),('FC20RK',20,'RosePink','FrontComplete','2024-12-26 05:26:43',NULL,NULL),('FC20RW',20,'Rainbow','FrontComplete','2024-12-26 05:26:43',NULL,NULL),('FC20TO',20,'Tomato','FrontComplete','2024-12-26 05:26:43',NULL,NULL),('FC20WE',20,'White','FrontComplete','2024-12-26 05:26:43',NULL,NULL),('FC21BEE',21,'Beige','FrontComplete','2024-12-26 05:26:43',NULL,NULL),('FC21BLK',21,'Black','FrontComplete','2024-12-26 05:26:43',NULL,NULL),('FC21GOD',21,'Gold','FrontComplete','2024-12-26 05:26:43',NULL,NULL),('FC21ORE',21,'Orange','FrontComplete','2024-12-26 05:26:43',NULL,NULL),('FC21RUT',21,'Rust','FrontComplete','2024-12-26 05:26:43',NULL,NULL),('FC21SIR',21,'Silver','FrontComplete','2024-12-26 05:26:43',NULL,NULL),('FC22BLEM',22,'Blue','FrontComplete','2024-12-26 05:26:43',NULL,NULL),('FC22BLK',22,'Black','FrontComplete','2024-12-26 05:26:43',NULL,NULL),('FC22RED',22,'Red','FrontComplete','2024-12-26 05:26:43',NULL,NULL),('FC23BLEM',23,'blue','FrontComplete','2024-12-28 10:11:08','admin',NULL),('FC23GRNXL',23,'green','FrontComplete','2024-12-28 10:03:26','admin',NULL),('FC23REDM',23,'red','FrontComplete','2024-12-28 10:10:22','admin',NULL),('FC26BLE',26,'Blue','FrontComplete','2024-12-26 05:26:43',NULL,NULL),('FC26GOD',26,'Gold','FrontComplete','2024-12-26 05:26:43',NULL,NULL),('FC26RED',26,'Red','FrontComplete','2024-12-26 05:26:43',NULL,NULL),('FC26SIR',26,'Silver','FrontComplete','2024-12-26 05:26:43',NULL,NULL),('FC28GODXL',28,'Gold','FrontComplete','2024-12-26 05:26:43',NULL,NULL),('FC28SIRXL',28,'Silver','FrontComplete','2024-12-26 05:26:43',NULL,NULL),('FC30BLEFreeSize',30,'Blue','FrontComplete','2024-12-26 05:26:43',NULL,NULL),('FC30REDFreeSize',30,'Red','FrontComplete','2024-12-26 05:26:43',NULL,NULL),('FC30WHEFreeSize',30,'White','FrontComplete','2024-12-26 05:26:43',NULL,NULL),('FC34BLEM',34,'Blue','FrontComplete','2024-12-26 05:26:43',NULL,NULL),('FC44REDXL',44,'Red','FrontComplete','2024-12-28 08:12:18','admin',NULL),('FC46BLEXL',46,'blue','FrontComplete','2024-12-28 08:22:55','admin',NULL),('FC47BLKXL',47,'black','FrontComplete','2024-12-28 08:28:19','admin',NULL),('FC48YEWM',48,'yellow','FrontComplete','2024-12-28 08:32:41','admin',NULL),('FC52BLEM',52,'blue','FrontComplete','2024-12-28 08:45:35','admin',NULL),('FC52REDM',52,'red','FrontComplete','2024-12-28 08:45:35','admin',NULL),('FC53BLKXL',53,'black','FrontComplete','2024-12-28 08:51:03','admin',NULL),('FC56REDXL',56,'red','FrontComplete','2024-12-28 09:16:14','admin',NULL),('FC69PUEM',69,'Purple','FrontComplete','2024-12-30 10:24:24','admin',NULL),('FC69REDXL',69,'Red','FrontComplete','2024-12-30 09:13:26','admin',NULL),('FC69SIRM',69,'Silver','FrontComplete','2024-12-30 10:24:24','admin',NULL),('FR11GN',11,'Green','FrontComplete','2024-12-26 05:26:43',NULL,NULL),('FR11OE',11,'Olive','FrontComplete','2024-12-26 05:26:43',NULL,NULL),('FR11PK',11,'Pink','FRONTCOMPLETE','2024-12-26 05:26:43',NULL,NULL),('FR12PK',12,'pink','FrontComplete','2024-12-26 05:26:43',NULL,NULL),('FRO17AD',17,'Almond','FrontComplete','2024-12-26 05:26:43',NULL,NULL),('FRO17BE',17,'Blue','FrontComplete','2024-12-26 05:26:43',NULL,NULL),('FRO17BK',17,'Black','FrontComplete','2024-12-26 05:26:43',NULL,NULL),('FRO17CN',17,'Cyan','FrontComplete','2024-12-26 05:26:43',NULL,NULL),('FRO17GN',17,'Green','FrontComplete','2024-12-26 05:26:43',NULL,NULL),('FRO17OE',17,'Olive','FrontComplete','2024-12-26 05:26:43',NULL,NULL),('FRO17PA',17,'Pista','FrontComplete','2024-12-26 05:26:43',NULL,NULL),('FRO17RD',17,'Red','FrontComplete','2024-12-26 05:26:43',NULL,NULL),('FRO17YW',17,'Yellow','FrontComplete','2024-12-26 05:26:43',NULL,NULL),('FrontComplete16BE',16,'Blue','FrontComplete','2024-12-26 05:26:43',NULL,NULL),('FrontComplete16GD',16,'Gold','FrontComplete','2024-12-26 05:26:43',NULL,NULL),('FrontComplete16GN',16,'Green','FrontComplete','2024-12-26 05:26:43',NULL,NULL),('FrontComplete16RK',16,'RosePink','FrontComplete','2024-12-26 05:26:43',NULL,NULL),('FrontComplete16SR',16,'Silver','FrontComplete','2024-12-26 05:26:43',NULL,NULL),('K112BE',12,'Blue','Kharcha1','2024-12-26 05:26:43',NULL,NULL),('K112BK',12,'Black','Kharcha1','2024-12-26 05:26:43',NULL,NULL),('K112CN',12,'Cyan','Kharcha1','2024-12-26 05:26:43',NULL,NULL),('K112GD',12,'Gold','Kharcha1','2024-12-26 05:26:43',NULL,NULL),('K112OE',12,'Olive','Kharcha1','2024-12-26 05:26:43',NULL,NULL),('K112ON',12,'Onion','Kharcha1','2024-12-26 05:26:43',NULL,NULL),('K112PK',12,'Pink','Kharcha1','2024-12-26 05:26:43',NULL,NULL),('K112RD',12,'Red','Kharcha1','2024-12-26 05:26:43',NULL,NULL),('K112RE',12,'Rose','Kharcha1','2024-12-26 05:26:43',NULL,NULL),('K112SR',12,'Silver','Kharcha1','2024-12-26 05:26:43',NULL,NULL),('K112V ',12,'Violet ','Kharcha1','2024-12-26 05:26:43',NULL,NULL),('K112WE',12,'White','Kharcha1','2024-12-26 05:26:43',NULL,NULL),('K112YW',12,'Yellow','Kharcha1','2024-12-26 05:26:43',NULL,NULL),('K113BE',13,'Blue','Kharcha1','2024-12-26 05:26:43',NULL,NULL),('K113BN',13,'Brown','Kharcha1','2024-12-26 05:26:43',NULL,NULL),('K113GD',13,'Gold','Kharcha1','2024-12-26 05:26:43',NULL,NULL),('K113GN',13,'Green','Kharcha1','2024-12-26 05:26:43',NULL,NULL),('K113OE',13,'Olive','Kharcha1','2024-12-26 05:26:43',NULL,NULL),('K113PK',13,'Peacock','Kharcha1','2024-12-26 05:26:43',NULL,NULL),('K113RD',13,'Red','Kharcha1','2024-12-26 05:26:43',NULL,NULL),('K113RE',13,'Rose','Kharcha1','2024-12-26 05:26:43',NULL,NULL),('K113SR',13,'Silver','Kharcha1','2024-12-26 05:26:43',NULL,NULL),('K113TO',13,'Tomato','Kharcha1','2024-12-26 05:26:43',NULL,NULL),('K113VT',13,'Violet','Kharcha1','2024-12-26 05:26:43',NULL,NULL),('K114BE',14,'Blue','Kharcha1','2024-12-26 05:26:43',NULL,NULL),('K114RD',14,'Red','Kharcha1','2024-12-26 05:26:43',NULL,NULL),('K118BE',18,'Blue','Kharcha1','2024-12-26 05:26:43',NULL,NULL),('K118BK',18,'Black','Kharcha1','2024-12-26 05:26:43',NULL,NULL),('K118BY',18,'Burgandy','Kharcha1','2024-12-26 05:26:43',NULL,NULL),('K118DY',18,'DarkGrey','Kharcha1','2024-12-26 05:26:43',NULL,NULL),('K118GY',18,'Grey','Kharcha1','2024-12-26 05:26:43',NULL,NULL),('K118HK',18,'hotpink','Kharcha1','2024-12-26 05:26:43',NULL,NULL),('K118KI',18,'Kiwi','Kharcha1','2024-12-26 05:26:43',NULL,NULL),('K118MN',18,'Mehroon','Kharcha1','2024-12-26 05:26:43',NULL,NULL),('K118MO',18,'Mango','Kharcha1','2024-12-26 05:26:43',NULL,NULL),('K118NK',18,'NudePink','Kharcha1','2024-12-26 05:26:43',NULL,NULL),('K118NY',18,'Navy','Kharcha1','2024-12-26 05:26:43',NULL,NULL),('K118OE',18,'OffWhite','Kharcha1','2024-12-26 05:26:43',NULL,NULL),('K118PK',18,'Peacock','Kharcha1','2024-12-26 05:26:43',NULL,NULL),('K118RD',18,'Red','Kharcha1','2024-12-26 05:26:43',NULL,NULL),('K118RL',18,'Royal','Kharcha1','2024-12-26 05:26:43',NULL,NULL),('K118SE',18,'SkyBlue','Kharcha1','2024-12-26 05:26:43',NULL,NULL),('K118TL',18,'Teal','Kharcha1','2024-12-26 05:26:43',NULL,NULL),('K118WE',18,'Wine','Kharcha1','2024-12-26 05:26:43',NULL,NULL),('K119BE',19,'Blue','Kharcha1','2024-12-26 05:26:43',NULL,NULL),('K119BEE}G',19,'Beige','Kharcha1','2024-12-26 05:26:43',NULL,NULL),('K119BK',19,'Black','Kharcha1','2024-12-26 05:26:43',NULL,NULL),('K119BLE}U',19,'Blue','Kharcha1','2024-12-26 05:26:43',NULL,NULL),('K119GN',19,'Green','Kharcha1','2024-12-26 05:26:43',NULL,NULL),('K119OE',19,'Orange','Kharcha1','2024-12-26 05:26:43',NULL,NULL),('K119ON',19,'Onion','Kharcha1','2024-12-26 05:26:43',NULL,NULL),('K119PE',19,'Purple','Kharcha1','2024-12-26 05:26:43',NULL,NULL),('K119PIKN',19,'Pink','Kharcha1','2024-12-26 05:26:43',NULL,NULL),('K119PK',19,'Pink','Kharcha1','2024-12-26 05:26:43',NULL,NULL),('K119RD',19,'Red','Kharcha1','2024-12-26 05:26:43',NULL,NULL),('K119RED',19,'Red','Kharcha1','2024-12-26 05:26:43',NULL,NULL),('K119WE',19,'White','Kharcha1','2024-12-26 05:26:43',NULL,NULL),('K120BE',20,'Blue','Kharcha1','2024-12-26 05:26:43',NULL,NULL),('K120BY',20,'Burgandy','Kharcha1','2024-12-26 05:26:43',NULL,NULL),('K120LY',20,'LightGrey','Kharcha1','2024-12-26 05:26:43',NULL,NULL),('K120MO',20,'Mango','Kharcha1','2024-12-26 05:26:43',NULL,NULL),('K120PE',20,'Purple','Kharcha1','2024-12-26 05:26:43',NULL,NULL),('K120PK',20,'Pink','Kharcha1','2024-12-26 05:26:43',NULL,NULL),('K120RD',20,'Red','Kharcha1','2024-12-26 05:26:43',NULL,NULL),('K120RE',20,'Rose','Kharcha1','2024-12-26 05:26:43',NULL,NULL),('K120RK',20,'RosePink','Kharcha1','2024-12-26 05:26:43',NULL,NULL),('K120RW',20,'Rainbow','Kharcha1','2024-12-26 05:26:43',NULL,NULL),('K120TO',20,'Tomato','Kharcha1','2024-12-26 05:26:43',NULL,NULL),('K120WE',20,'White','Kharcha1','2024-12-26 05:26:43',NULL,NULL),('KH12PK',12,'pink','Kharcha1','2024-12-26 05:26:43',NULL,NULL),('KHA17AD',17,'Almond','Kharcha1','2024-12-26 05:26:43',NULL,NULL),('KHA17BE',17,'Blue','Kharcha1','2024-12-26 05:26:43',NULL,NULL),('KHA17BK',17,'Black','Kharcha1','2024-12-26 05:26:43',NULL,NULL),('KHA17CN',17,'Cyan','Kharcha1','2024-12-26 05:26:43',NULL,NULL),('KHA17GN',17,'Green','Kharcha1','2024-12-26 05:26:43',NULL,NULL),('KHA17OE',17,'Olive','Kharcha1','2024-12-26 05:26:43',NULL,NULL),('KHA17PA',17,'Pista','Kharcha1','2024-12-26 05:26:43',NULL,NULL),('KHA17RD',17,'Red','Kharcha1','2024-12-26 05:26:43',NULL,NULL),('KHA17YW',17,'Yellow','Kharcha1','2024-12-26 05:26:43',NULL,NULL),('Kharcha116BE',16,'Blue','Kharcha1','2024-12-26 05:26:43',NULL,NULL),('Kharcha116GD',16,'Gold','Kharcha1','2024-12-26 05:26:43',NULL,NULL),('Kharcha116GN',16,'Green','Kharcha1','2024-12-26 05:26:43',NULL,NULL),('Kharcha116RK',16,'RosePink','Kharcha1','2024-12-26 05:26:43',NULL,NULL),('Kharcha116SR',16,'Silver','Kharcha1','2024-12-26 05:26:43',NULL,NULL),('T12BE',12,'Blue','Tape','2024-12-26 05:26:43',NULL,NULL),('T12BK',12,'Black','Tape','2024-12-26 05:26:43',NULL,NULL),('T12CN',12,'Cyan','Tape','2024-12-26 05:26:43',NULL,NULL),('T12GD',12,'Gold','Tape','2024-12-26 05:26:43',NULL,NULL),('T12OE',12,'Olive','Tape','2024-12-26 05:26:43',NULL,NULL),('T12ON',12,'Onion','Tape','2024-12-26 05:26:43',NULL,NULL),('T12PK',12,'Pink','Tape','2024-12-26 05:26:43',NULL,NULL),('T12RD',12,'Red','Tape','2024-12-26 05:26:43',NULL,NULL),('T12RE',12,'Rose','Tape','2024-12-26 05:26:43',NULL,NULL),('T12SR',12,'Silver','Tape','2024-12-26 05:26:43',NULL,NULL),('T12V ',12,'Violet ','Tape','2024-12-26 05:26:43',NULL,NULL),('T12WE',12,'White','Tape','2024-12-26 05:26:43',NULL,NULL),('T12YW',12,'Yellow','Tape','2024-12-26 05:26:43',NULL,NULL),('T13BE',13,'Blue','Tape','2024-12-26 05:26:43',NULL,NULL),('T13BN',13,'Brown','Tape','2024-12-26 05:26:43',NULL,NULL),('T13GD',13,'Gold','Tape','2024-12-26 05:26:43',NULL,NULL),('T13GN',13,'Green','Tape','2024-12-26 05:26:43',NULL,NULL),('T13OE',13,'Olive','Tape','2024-12-26 05:26:43',NULL,NULL),('T13PK',13,'Peacock','Tape','2024-12-26 05:26:43',NULL,NULL),('T13RD',13,'Red','Tape','2024-12-26 05:26:43',NULL,NULL),('T13RE',13,'Rose','Tape','2024-12-26 05:26:43',NULL,NULL),('T13SR',13,'Silver','Tape','2024-12-26 05:26:43',NULL,NULL),('T13TO',13,'Tomato','Tape','2024-12-26 05:26:43',NULL,NULL),('T13VT',13,'Violet','Tape','2024-12-26 05:26:43',NULL,NULL),('T14BE',14,'Blue','Tape','2024-12-26 05:26:43',NULL,NULL),('T14RD',14,'Red','Tape','2024-12-26 05:26:43',NULL,NULL),('T18BE',18,'Blue','Tape','2024-12-26 05:26:43',NULL,NULL),('T18BK',18,'Black','Tape','2024-12-26 05:26:43',NULL,NULL),('T18BY',18,'Burgandy','Tape','2024-12-26 05:26:43',NULL,NULL),('T18DY',18,'DarkGrey','Tape','2024-12-26 05:26:43',NULL,NULL),('T18GY',18,'Grey','Tape','2024-12-26 05:26:43',NULL,NULL),('T18HK',18,'hotpink','Tape','2024-12-26 05:26:43',NULL,NULL),('T18KI',18,'Kiwi','Tape','2024-12-26 05:26:43',NULL,NULL),('T18MN',18,'Mehroon','Tape','2024-12-26 05:26:43',NULL,NULL),('T18MO',18,'Mango','Tape','2024-12-26 05:26:43',NULL,NULL),('T18NK',18,'NudePink','Tape','2024-12-26 05:26:43',NULL,NULL),('T18NY',18,'Navy','Tape','2024-12-26 05:26:43',NULL,NULL),('T18OE',18,'OffWhite','Tape','2024-12-26 05:26:43',NULL,NULL),('T18PK',18,'Peacock','Tape','2024-12-26 05:26:43',NULL,NULL),('T18RD',18,'Red','Tape','2024-12-26 05:26:43',NULL,NULL),('T18RL',18,'Royal','Tape','2024-12-26 05:26:43',NULL,NULL),('T18SE',18,'SkyBlue','Tape','2024-12-26 05:26:43',NULL,NULL),('T18TL',18,'Teal','Tape','2024-12-26 05:26:43',NULL,NULL),('T18WE',18,'Wine','Tape','2024-12-26 05:26:43',NULL,NULL),('T19BE',19,'Blue','Tape','2024-12-26 05:26:43',NULL,NULL),('T19BEE}G',19,'Beige','Tape','2024-12-26 05:26:43',NULL,NULL),('T19BK',19,'Black','Tape','2024-12-26 05:26:43',NULL,NULL),('T19BLE}U',19,'Blue','Tape','2024-12-26 05:26:43',NULL,NULL),('T19GN',19,'Green','Tape','2024-12-26 05:26:43',NULL,NULL),('T19OE',19,'Orange','Tape','2024-12-26 05:26:43',NULL,NULL),('T19ON',19,'Onion','Tape','2024-12-26 05:26:43',NULL,NULL),('T19PE',19,'Purple','Tape','2024-12-26 05:26:43',NULL,NULL),('T19PIKN',19,'Pink','Tape','2024-12-26 05:26:43',NULL,NULL),('T19PK',19,'Pink','Tape','2024-12-26 05:26:43',NULL,NULL),('T19RD',19,'Red','Tape','2024-12-26 05:26:43',NULL,NULL),('T19RED',19,'Red','Tape','2024-12-26 05:26:43',NULL,NULL),('T19WE',19,'White','Tape','2024-12-26 05:26:43',NULL,NULL),('T20BE',20,'Blue','Tape','2024-12-26 05:26:43',NULL,NULL),('T20BY',20,'Burgandy','Tape','2024-12-26 05:26:43',NULL,NULL),('T20LY',20,'LightGrey','Tape','2024-12-26 05:26:43',NULL,NULL),('T20MO',20,'Mango','Tape','2024-12-26 05:26:43',NULL,NULL),('T20PE',20,'Purple','Tape','2024-12-26 05:26:43',NULL,NULL),('T20PK',20,'Pink','Tape','2024-12-26 05:26:43',NULL,NULL),('T20RD',20,'Red','Tape','2024-12-26 05:26:43',NULL,NULL),('T20RE',20,'Rose','Tape','2024-12-26 05:26:43',NULL,NULL),('T20RK',20,'RosePink','Tape','2024-12-26 05:26:43',NULL,NULL),('T20RW',20,'Rainbow','Tape','2024-12-26 05:26:43',NULL,NULL),('T20TO',20,'Tomato','Tape','2024-12-26 05:26:43',NULL,NULL),('T20WE',20,'White','Tape','2024-12-26 05:26:43',NULL,NULL),('TA11GN',11,'Green','Tape','2024-12-26 05:26:43',NULL,NULL),('TA11OE',11,'Olive','Tape','2024-12-26 05:26:43',NULL,NULL),('TA11PK',11,'Pink','TAPE','2024-12-26 05:26:43',NULL,NULL),('TA12PK',12,'pink','Tape','2024-12-26 05:26:43',NULL,NULL),('TAP17AD',17,'Almond','Tape','2024-12-26 05:26:43',NULL,NULL),('TAP17BE',17,'Blue','Tape','2024-12-26 05:26:43',NULL,NULL),('TAP17BK',17,'Black','Tape','2024-12-26 05:26:43',NULL,NULL),('TAP17CN',17,'Cyan','Tape','2024-12-26 05:26:43',NULL,NULL),('TAP17GN',17,'Green','Tape','2024-12-26 05:26:43',NULL,NULL),('TAP17OE',17,'Olive','Tape','2024-12-26 05:26:43',NULL,NULL),('TAP17PA',17,'Pista','Tape','2024-12-26 05:26:43',NULL,NULL),('TAP17RD',17,'Red','Tape','2024-12-26 05:26:43',NULL,NULL),('TAP17YW',17,'Yellow','Tape','2024-12-26 05:26:43',NULL,NULL),('Tape16BE',16,'Blue','Tape','2024-12-26 05:26:43',NULL,NULL),('Tape16GD',16,'Gold','Tape','2024-12-26 05:26:43',NULL,NULL),('Tape16GN',16,'Green','Tape','2024-12-26 05:26:43',NULL,NULL),('Tape16RK',16,'RosePink','Tape','2024-12-26 05:26:43',NULL,NULL),('Tape16SR',16,'Silver','Tape','2024-12-26 05:26:43',NULL,NULL);
/*!40000 ALTER TABLE `color_matching` ENABLE KEYS */;
UNLOCK TABLES;

--
-- Table structure for table `employee_details`
--

DROP TABLE IF EXISTS `employee_details`;
/*!40101 SET @saved_cs_client     = @@character_set_client */;
/*!50503 SET character_set_client = utf8mb4 */;
CREATE TABLE `employee_details` (
  `EmpId` varchar(50) NOT NULL,
  `EmpName` varchar(100) DEFAULT NULL,
  `Address` varchar(200) DEFAULT NULL,
  `EmailId` varchar(100) DEFAULT NULL,
  `ContactNo` bigint DEFAULT NULL,
  `AltContactNo` bigint DEFAULT '0',
  `DOB` date DEFAULT NULL,
  `Age` int DEFAULT NULL,
  `JoiningDate` date DEFAULT NULL,
  `Designation` varchar(100) DEFAULT NULL,
  `Anniversary` date DEFAULT NULL,
  `Date` timestamp NULL DEFAULT CURRENT_TIMESTAMP,
  `UserId` varchar(50) DEFAULT NULL,
  `updated_at` timestamp NULL DEFAULT NULL ON UPDATE CURRENT_TIMESTAMP,
  `roles` varchar(50) DEFAULT NULL,
  PRIMARY KEY (`EmpId`)
) ENGINE=InnoDB DEFAULT CHARSET=utf8mb4 COLLATE=utf8mb4_0900_ai_ci;
/*!40101 SET character_set_client = @saved_cs_client */;

--
-- Dumping data for table `employee_details`
--

LOCK TABLES `employee_details` WRITE;
/*!40000 ALTER TABLE `employee_details` DISABLE KEYS */;
INSERT INTO `employee_details` VALUES ('E101','Suraj','Ludhiana','abc@bgf.com',4563251789,5874693215,'2007-01-30',17,'2024-12-04','helper','1970-01-01','2024-12-26 05:26:56',NULL,'2024-12-30 10:31:52',NULL),('E102','abc','Ludhiana','abc@hgt.com',8745693214,8523697412,'2024-12-03',32,'2024-12-04','operator','2024-12-24','2024-12-26 05:26:56',NULL,NULL,NULL),('E104','ashvi','Ludhiana','jain.alisha14@gmail.com',8965741236,5896321478,'2024-12-03',32,'2024-12-03','staff',NULL,'2024-12-30 10:52:26',NULL,NULL,NULL),('E105','Archana','Ludhiana','abc@bgf.com',7896541236,8523697412,'2024-12-09',21,'2024-12-02','staff',NULL,'2024-12-30 10:55:54','admin',NULL,NULL);
/*!40000 ALTER TABLE `employee_details` ENABLE KEYS */;
UNLOCK TABLES;

--
-- Table structure for table `knitting_details`
--

DROP TABLE IF EXISTS `knitting_details`;
/*!40101 SET @saved_cs_client     = @@character_set_client */;
/*!50503 SET character_set_client = utf8mb4 */;
CREATE TABLE `knitting_details` (
  `RSN` int DEFAULT NULL,
  `Size` char(20) DEFAULT NULL,
  `FrontRight` json DEFAULT NULL,
  `FrontLeft` json DEFAULT NULL,
  `FrontComplete` json DEFAULT NULL,
  `BackRight` json DEFAULT NULL,
  `BackLeft` json DEFAULT NULL,
  `BackComplete` json DEFAULT NULL,
  `SleeveRight` json DEFAULT NULL,
  `SleeveLeft` json DEFAULT NULL,
  `BothSleeves` json DEFAULT NULL,
  `Tape` json DEFAULT NULL,
  `Collar` json DEFAULT NULL,
  `Kharcha1` json DEFAULT NULL,
  `Kharcha2` json DEFAULT NULL,
  `Kharcha3` json DEFAULT NULL,
  `Total` json DEFAULT NULL,
  `Date` timestamp NULL DEFAULT CURRENT_TIMESTAMP,
  `UserId` varchar(50) DEFAULT NULL,
  `updated_at` timestamp NULL DEFAULT NULL ON UPDATE CURRENT_TIMESTAMP
) ENGINE=InnoDB DEFAULT CHARSET=utf8mb4 COLLATE=utf8mb4_0900_ai_ci;
/*!40101 SET character_set_client = @saved_cs_client */;

--
-- Dumping data for table `knitting_details`
--

LOCK TABLES `knitting_details` WRITE;
/*!40000 ALTER TABLE `knitting_details` DISABLE KEYS */;
INSERT INTO `knitting_details` VALUES (1,'M','{\"Time\": \"0\", \"Weight\": \"0\"}','{\"Time\": \"0\", \"Weight\": \"0\"}','{\"Time\": \"19.3\", \"Weight\": \"0.23\"}','{\"Time\": \"0\", \"Weight\": \"0\"}','{\"Time\": \"0\", \"Weight\": \"0\"}','{\"Time\": \"13.25\", \"Weight\": \"0.25\"}','{\"Time\": \"0\", \"Weight\": \"0\"}','{\"Time\": \"19.2\", \"Weight\": \"0.30\"}','{\"Time\": \"0\", \"Weight\": \"0\"}','{\"Time\": \"0\", \"Weight\": \"0\"}','{\"Time\": \"0\", \"Weight\": \"0\"}','{\"Time\": \"0\", \"Weight\": \"0\"}','{\"Time\": \"0\", \"Weight\": \"0\"}','{\"Time\": \"0\", \"Weight\": \"0\"}','51.75','2024-12-26 05:27:10',NULL,NULL),(3,'XL','{\"Time\": \"0\", \"Weight\": \"0\"}','{\"Time\": \"0\", \"Weight\": \"0\"}','{\"Time\": \"0\", \"time\": \"\", \"Weight\": \"00\"}','{\"Time\": \"8.2\", \"Weight\": \"0.250\"}','{\"Time\": \"7.5\", \"Weight\": \"0.360\"}','{\"Time\": \"0\", \"Weight\": \"0\"}','{\"Time\": \"0\", \"Weight\": \"0\"}','{\"Time\": \"0\", \"Weight\": \"0\"}','{\"Time\": \"0\", \"Weight\": \"0\"}','{\"Time\": \"0\", \"Weight\": \"0\"}','{\"Time\": \"0\", \"Weight\": \"0\"}','{\"Time\": \"0\", \"Weight\": \"0\"}','{\"Time\": \"0\", \"Weight\": \"0\"}','{\"Time\": \"0\", \"Weight\": \"0\"}','{\"Time\": 0, \"Weight\": 0}','2024-12-26 05:27:10',NULL,NULL),(4,'XL',NULL,NULL,'{\"Time\": \"1\", \"Weight\": \"1\", \"MachineNo\": \"1\"}',NULL,NULL,'{\"Time\": \"1\", \"Weight\": \"1\", \"MachineNo\": \"1\"}',NULL,NULL,NULL,NULL,NULL,NULL,NULL,NULL,'{\"Time\": 2, \"Weight\": 2}','2024-12-26 05:27:10',NULL,NULL),(3,'XL','{\"Time\": 0, \"Weight\": 0}','{\"Time\": 0, \"Weight\": 0}','{\"Time\": \"15\", \"Weight\": \"1.2\"}','{\"Time\": 0, \"Weight\": 0}','{\"Time\": 0, \"Weight\": 0}','{\"Time\": \"13\", \"Weight\": \"1\"}','{\"Time\": 0, \"Weight\": 0}','{\"Time\": 0, \"Weight\": 0}','{\"Time\": 0, \"Weight\": 0}','{\"Time\": 0, \"Weight\": 0}','{\"Time\": 0, \"Weight\": 0}','{\"Time\": 0, \"Weight\": 0}','{\"Time\": 0, \"Weight\": 0}','{\"Time\": 0, \"Weight\": 0}','{\"Time\": 0, \"Weight\": 0}','2024-12-26 05:27:10',NULL,NULL),(9,'XL','{\"Time\": 0, \"Weight\": 0}','{\"Time\": 0, \"Weight\": 0}','{\"Time\": \"65\", \"Weight\": \"0.9\"}','{\"Time\": 0, \"Weight\": 0}','{\"Time\": 0, \"Weight\": 0}','{\"Time\": 0, \"Weight\": 0}','{\"Time\": 0, \"Weight\": 0}','{\"Time\": 0, \"Weight\": 0}','{\"Time\": 0, \"Weight\": 0}','{\"Time\": 0, \"Weight\": 0}','{\"Time\": 0, \"Weight\": 0}','{\"Time\": 0, \"Weight\": 0}','{\"Time\": 0, \"Weight\": 0}','{\"Time\": 0, \"Weight\": 0}','{\"Time\": 0, \"Weight\": 0}','2024-12-26 05:27:10',NULL,NULL),(10,'S','{\"Time\": 0, \"Weight\": 0, \"MachineNo\": 0}','{\"Time\": 0, \"Weight\": 0, \"MachineNo\": 0}','{\"Time\": \"10\", \"Weight\": \"0.9\", \"MachineNo\": \"1\"}','{\"Time\": 0, \"Weight\": 0, \"MachineNo\": 0}','{\"Time\": 0, \"Weight\": 0, \"MachineNo\": 0}','{\"Time\": 0, \"Weight\": 0, \"MachineNo\": 0}','{\"Time\": 0, \"Weight\": 0, \"MachineNo\": 0}','{\"Time\": 0, \"Weight\": 0, \"MachineNo\": 0}','{\"Time\": \"7\", \"Weight\": \"0.8\", \"MachineNo\": \"1\"}','{\"Time\": 0, \"Weight\": 0, \"MachineNo\": 0}','{\"Time\": 0, \"Weight\": 0, \"MachineNo\": 0}','{\"Time\": 0, \"Weight\": 0, \"MachineNo\": 0}','{\"Time\": 0, \"Weight\": 0, \"MachineNo\": 0}','{\"Time\": 0, \"Weight\": 0, \"MachineNo\": 0}','{\"Time\": 0, \"Weight\": 0}','2024-12-26 05:27:10',NULL,NULL),(11,'S','{\"Time\": 0, \"Weight\": 0, \"MachineNo\": \"\"}','{\"Time\": 0, \"Weight\": 0, \"MachineNo\": \"\"}','{\"Time\": \"7\", \"Weight\": \"0.687\", \"MachineNo\": \"1\"}','{\"Time\": 0, \"Weight\": 0, \"MachineNo\": \"\"}','{\"Time\": 0, \"Weight\": 0, \"MachineNo\": \"\"}','{\"Time\": 0, \"Weight\": 0, \"MachineNo\": \"\"}','{\"Time\": 0, \"Weight\": 0, \"MachineNo\": \"\"}','{\"Time\": 0, \"Weight\": 0, \"MachineNo\": \"\"}','{\"Time\": 0, \"Weight\": 0, \"MachineNo\": \"\"}','{\"Time\": 0, \"Weight\": 0, \"MachineNo\": \"\"}','{\"Time\": 0, \"Weight\": 0, \"MachineNo\": \"\"}','{\"Time\": 0, \"Weight\": 0, \"MachineNo\": \"\"}','{\"Time\": 0, \"Weight\": 0, \"MachineNo\": \"\"}','{\"Time\": 0, \"Weight\": 0, \"MachineNo\": \"\"}','{\"Time\": 0, \"Weight\": 0}','2024-12-26 05:27:10',NULL,NULL),(12,'M','{\"Time\": 0, \"Weight\": 0, \"MachineNo\": \"\"}','{\"Time\": 0, \"Weight\": 0, \"MachineNo\": \"\"}','{\"Time\": \"15\", \"Weight\": \"150\", \"MachineNo\": \"1\"}','{\"Time\": 0, \"Weight\": 0, \"MachineNo\": \"\"}','{\"Time\": 0, \"Weight\": 0, \"MachineNo\": \"\"}','{\"Time\": \"15\", \"Weight\": \"120\", \"MachineNo\": \"1\"}','{\"Time\": 0, \"Weight\": 0, \"MachineNo\": \"\"}','{\"Time\": 0, \"Weight\": 0, \"MachineNo\": \"\"}','{\"Time\": \"25\", \"Weight\": \"90\", \"MachineNo\": \"1\"}','{\"Time\": \"4\", \"Weight\": \"30\", \"MachineNo\": \"1\"}','{\"Time\": \"2.5\", \"Weight\": \"20\", \"MachineNo\": \"1\"}','{\"Time\": 0, \"Weight\": 0, \"MachineNo\": \"\"}','{\"Time\": 0, \"Weight\": 0, \"MachineNo\": \"\"}','{\"Time\": 0, \"Weight\": 0, \"MachineNo\": \"\"}','{\"Time\": 0, \"Weight\": 0}','2024-12-26 05:27:10',NULL,NULL),(8,'S','{\"Time\": 0, \"Weight\": 0, \"MachineNo\": \"\"}','{\"Time\": 0, \"Weight\": 0, \"MachineNo\": \"\"}','{\"Time\": 0, \"Weight\": 0, \"MachineNo\": \"\"}','{\"Time\": 0, \"Weight\": 0, \"MachineNo\": \"\"}','{\"Time\": 0, \"Weight\": 0, \"MachineNo\": \"\"}','{\"Time\": 0, \"Weight\": 0, \"MachineNo\": \"\"}','{\"Time\": 0, \"Weight\": 0, \"MachineNo\": \"\"}','{\"Time\": 0, \"Weight\": 0, \"MachineNo\": \"\"}','{\"Time\": 0, \"Weight\": 0, \"MachineNo\": \"\"}','{\"Time\": 0, \"Weight\": 0, \"MachineNo\": \"\"}','{\"Time\": 0, \"Weight\": 0, \"MachineNo\": \"\"}','{\"Time\": 0, \"Weight\": 0, \"MachineNo\": \"\"}','{\"Time\": 0, \"Weight\": 0, \"MachineNo\": \"\"}','{\"Time\": 0, \"Weight\": 0, \"MachineNo\": \"\"}','{\"Time\": 0, \"Weight\": 0}','2024-12-26 05:27:10',NULL,NULL),(12,'XL','{\"Time\": 0, \"Weight\": 0, \"MachineNo\": \"\"}','{\"Time\": 0, \"Weight\": 0, \"MachineNo\": \"\"}','{\"Time\": 0, \"Weight\": 0, \"MachineNo\": \"\"}','{\"Time\": 0, \"Weight\": 0, \"MachineNo\": \"\"}','{\"Time\": 0, \"Weight\": 0, \"MachineNo\": \"\"}','{\"Time\": \"1\", \"Weight\": \"1\", \"MachineNo\": \"1\"}','{\"Time\": 0, \"Weight\": 0, \"MachineNo\": \"\"}','{\"Time\": 0, \"Weight\": 0, \"MachineNo\": \"\"}','{\"Time\": 0, \"Weight\": 0, \"MachineNo\": \"\"}','{\"Time\": 0, \"Weight\": 0, \"MachineNo\": \"\"}','{\"Time\": 0, \"Weight\": 0, \"MachineNo\": \"\"}','{\"Time\": 0, \"Weight\": 0, \"MachineNo\": \"\"}','{\"Time\": 0, \"Weight\": 0, \"MachineNo\": \"\"}','{\"Time\": 0, \"Weight\": 0, \"MachineNo\": \"\"}','{\"Time\": 0, \"Weight\": 0}','2024-12-26 05:27:10',NULL,NULL),(13,'S','{\"Time\": 0, \"Weight\": 0, \"MachineNo\": \"\"}','{\"Time\": 0, \"Weight\": 0, \"MachineNo\": \"\"}','{\"Time\": \"10\", \"Weight\": \"0.650\", \"MachineNo\": \"1\"}','{\"Time\": 0, \"Weight\": 0, \"MachineNo\": \"\"}','{\"Time\": 0, \"Weight\": 0, \"MachineNo\": \"\"}','{\"Time\": \"8\", \"Weight\": \"0.500\", \"MachineNo\": \"1\"}','{\"Time\": 0, \"Weight\": 0, \"MachineNo\": \"\"}','{\"Time\": 0, \"Weight\": 0, \"MachineNo\": \"\"}','{\"Time\": 0, \"Weight\": 0, \"MachineNo\": \"\"}','{\"Time\": 0, \"Weight\": 0, \"MachineNo\": \"\"}','{\"Time\": 0, \"Weight\": 0, \"MachineNo\": \"\"}','{\"Time\": 0, \"Weight\": 0, \"MachineNo\": \"\"}','{\"Time\": 0, \"Weight\": 0, \"MachineNo\": \"\"}','{\"Time\": 0, \"Weight\": 0, \"MachineNo\": \"\"}','{\"Time\": 0, \"Weight\": 0}','2024-12-26 05:27:10',NULL,NULL),(13,'S','{\"Time\": 0, \"Weight\": 0, \"MachineNo\": \"\"}','{\"Time\": 0, \"Weight\": 0, \"MachineNo\": \"\"}','{\"Time\": \"5\", \"Weight\": \"0.40\", \"MachineNo\": \"1\"}','{\"Time\": 0, \"Weight\": 0, \"MachineNo\": \"\"}','{\"Time\": 0, \"Weight\": 0, \"MachineNo\": \"\"}','{\"Time\": \"6\", \"Weight\": \"0.6\", \"MachineNo\": \"1\"}','{\"Time\": 0, \"Weight\": 0, \"MachineNo\": \"\"}','{\"Time\": 0, \"Weight\": 0, \"MachineNo\": \"\"}','{\"Time\": 0, \"Weight\": 0, \"MachineNo\": \"\"}','{\"Time\": 0, \"Weight\": 0, \"MachineNo\": \"\"}','{\"Time\": 0, \"Weight\": 0, \"MachineNo\": \"\"}','{\"Time\": 0, \"Weight\": 0, \"MachineNo\": \"\"}','{\"Time\": 0, \"Weight\": 0, \"MachineNo\": \"\"}','{\"Time\": 0, \"Weight\": 0, \"MachineNo\": \"\"}','{\"Time\": 0, \"Weight\": 0}','2024-12-26 05:27:10',NULL,NULL),(13,'S','{\"Time\": 0, \"Weight\": 0, \"MachineNo\": \"\"}','{\"Time\": 0, \"Weight\": 0, \"MachineNo\": \"\"}','{\"Time\": \"5\", \"Weight\": \"0.5\", \"MachineNo\": \"1\"}','{\"Time\": 0, \"Weight\": 0, \"MachineNo\": \"\"}','{\"Time\": 0, \"Weight\": 0, \"MachineNo\": \"\"}','{\"Time\": \"5\", \"Weight\": \"0.6\", \"MachineNo\": \"1\"}','{\"Time\": 0, \"Weight\": 0, \"MachineNo\": \"\"}','{\"Time\": 0, \"Weight\": 0, \"MachineNo\": \"\"}','{\"Time\": 0, \"Weight\": 0, \"MachineNo\": \"\"}','{\"Time\": 0, \"Weight\": 0, \"MachineNo\": \"\"}','{\"Time\": 0, \"Weight\": 0, \"MachineNo\": \"\"}','{\"Time\": 0, \"Weight\": 0, \"MachineNo\": \"\"}','{\"Time\": 0, \"Weight\": 0, \"MachineNo\": \"\"}','{\"Time\": 0, \"Weight\": 0, \"MachineNo\": \"\"}','{\"Time\": 0, \"Weight\": 0}','2024-12-26 05:27:10',NULL,NULL),(14,'S','{\"Time\": 0, \"Weight\": 0, \"MachineNo\": \"\"}','{\"Time\": 0, \"Weight\": 0, \"MachineNo\": \"\"}','{\"Time\": \"12\", \"Weight\": \"1.200\", \"MachineNo\": \"1\"}','{\"Time\": 0, \"Weight\": 0, \"MachineNo\": \"\"}','{\"Time\": 0, \"Weight\": 0, \"MachineNo\": \"\"}','{\"Time\": 0, \"Weight\": 0, \"MachineNo\": \"\"}','{\"Time\": 0, \"Weight\": 0, \"MachineNo\": \"\"}','{\"Time\": 0, \"Weight\": 0, \"MachineNo\": \"\"}','{\"Time\": 0, \"Weight\": 0, \"MachineNo\": \"\"}','{\"Time\": 0, \"Weight\": 0, \"MachineNo\": \"\"}','{\"Time\": 0, \"Weight\": 0, \"MachineNo\": \"\"}','{\"Time\": 0, \"Weight\": 0, \"MachineNo\": \"\"}','{\"Time\": 0, \"Weight\": 0, \"MachineNo\": \"\"}','{\"Time\": 0, \"Weight\": 0, \"MachineNo\": \"\"}','{\"Time\": 0, \"Weight\": 0}','2024-12-26 05:27:10',NULL,NULL),(14,'XL','{\"Time\": 0, \"Weight\": 0, \"MachineNo\": \"\"}','{\"Time\": 0, \"Weight\": 0, \"MachineNo\": \"\"}','{\"Time\": \"15\", \"Weight\": \"1.3\", \"MachineNo\": \"1\"}','{\"Time\": 0, \"Weight\": 0, \"MachineNo\": \"\"}','{\"Time\": 0, \"Weight\": 0, \"MachineNo\": \"\"}','{\"Time\": 0, \"Weight\": 0, \"MachineNo\": \"\"}','{\"Time\": 0, \"Weight\": 0, \"MachineNo\": \"\"}','{\"Time\": 0, \"Weight\": 0, \"MachineNo\": \"\"}','{\"Time\": 0, \"Weight\": 0, \"MachineNo\": \"\"}','{\"Time\": 0, \"Weight\": 0, \"MachineNo\": \"\"}','{\"Time\": 0, \"Weight\": 0, \"MachineNo\": \"\"}','{\"Time\": 0, \"Weight\": 0, \"MachineNo\": \"\"}','{\"Time\": 0, \"Weight\": 0, \"MachineNo\": \"\"}','{\"Time\": 0, \"Weight\": 0, \"MachineNo\": \"\"}','{\"Time\": 0, \"Weight\": 0}','2024-12-26 05:27:10',NULL,NULL),(14,'S','{\"Time\": 0, \"Weight\": 0, \"MachineNo\": \"\"}','{\"Time\": 0, \"Weight\": 0, \"MachineNo\": \"\"}','{\"Time\": \"14\", \"Weight\": \"1.3\", \"MachineNo\": \"1\"}','{\"Time\": 0, \"Weight\": 0, \"MachineNo\": \"\"}','{\"Time\": 0, \"Weight\": 0, \"MachineNo\": \"\"}','{\"Time\": 0, \"Weight\": 0, \"MachineNo\": \"\"}','{\"Time\": 0, \"Weight\": 0, \"MachineNo\": \"\"}','{\"Time\": 0, \"Weight\": 0, \"MachineNo\": \"\"}','{\"Time\": 0, \"Weight\": 0, \"MachineNo\": \"\"}','{\"Time\": 0, \"Weight\": 0, \"MachineNo\": \"\"}','{\"Time\": 0, \"Weight\": 0, \"MachineNo\": \"\"}','{\"Time\": 0, \"Weight\": 0, \"MachineNo\": \"\"}','{\"Time\": 0, \"Weight\": 0, \"MachineNo\": \"\"}','{\"Time\": 0, \"Weight\": 0, \"MachineNo\": \"\"}','{\"Time\": 0, \"Weight\": 0}','2024-12-26 05:27:10',NULL,NULL),(15,'XL','{\"Time\": 0, \"Weight\": 0, \"MachineNo\": \"\"}','{\"Time\": 0, \"Weight\": 0, \"MachineNo\": \"\"}','{\"Time\": \"7\", \"Weight\": \"0.650\", \"MachineNo\": \"1\"}','{\"Time\": 0, \"Weight\": 0, \"MachineNo\": \"\"}','{\"Time\": 0, \"Weight\": 0, \"MachineNo\": \"\"}','{\"Time\": \"6\", \"Weight\": \"0.540\", \"MachineNo\": \"1\"}','{\"Time\": 0, \"Weight\": 0, \"MachineNo\": \"\"}','{\"Time\": 0, \"Weight\": 0, \"MachineNo\": \"\"}','{\"Time\": \"6\", \"Weight\": \"0.456\", \"MachineNo\": \"1\"}','{\"Time\": 0, \"Weight\": 0, \"MachineNo\": \"\"}','{\"Time\": \"3\", \"Weight\": \"0.15\", \"MachineNo\": \"1\"}','{\"Time\": 0, \"Weight\": 0, \"MachineNo\": \"\"}','{\"Time\": 0, \"Weight\": 0, \"MachineNo\": \"\"}','{\"Time\": 0, \"Weight\": 0, \"MachineNo\": \"\"}','{\"Time\": 0, \"Weight\": 0}','2024-12-26 05:27:10',NULL,NULL),(14,'S','{\"Time\": 0, \"Weight\": 0, \"MachineNo\": \"\"}','{\"Time\": 0, \"Weight\": 0, \"MachineNo\": \"\"}','{\"Time\": \"1\", \"Weight\": \"1\", \"MachineNo\": \"1\"}','{\"Time\": 0, \"Weight\": 0, \"MachineNo\": \"\"}','{\"Time\": 0, \"Weight\": 0, \"MachineNo\": \"\"}','{\"Time\": 0, \"Weight\": 0, \"MachineNo\": \"\"}','{\"Time\": 0, \"Weight\": 0, \"MachineNo\": \"\"}','{\"Time\": 0, \"Weight\": 0, \"MachineNo\": \"\"}','{\"Time\": 0, \"Weight\": 0, \"MachineNo\": \"\"}','{\"Time\": 0, \"Weight\": 0, \"MachineNo\": \"\"}','{\"Time\": 0, \"Weight\": 0, \"MachineNo\": \"\"}','{\"Time\": 0, \"Weight\": 0, \"MachineNo\": \"\"}','{\"Time\": 0, \"Weight\": 0, \"MachineNo\": \"\"}','{\"Time\": 0, \"Weight\": 0, \"MachineNo\": \"\"}','{\"Time\": 0, \"Weight\": 0}','2024-12-26 05:27:10',NULL,NULL),(16,'XL','{\"Time\": 0, \"Weight\": 0, \"MachineNo\": \"\"}','{\"Time\": 0, \"Weight\": 0, \"MachineNo\": \"\"}','{\"Time\": \"6\", \"Weight\": \"0.520\", \"MachineNo\": \"1\"}','{\"Time\": 0, \"Weight\": 0, \"MachineNo\": \"\"}','{\"Time\": 0, \"Weight\": 0, \"MachineNo\": \"\"}','{\"Time\": \"5\", \"Weight\": \"0.450\", \"MachineNo\": \"1\"}','{\"Time\": 0, \"Weight\": 0, \"MachineNo\": \"\"}','{\"Time\": 0, \"Weight\": 0, \"MachineNo\": \"\"}','{\"Time\": 0, \"Weight\": 0, \"MachineNo\": \"\"}','{\"Time\": 0, \"Weight\": 0, \"MachineNo\": \"\"}','{\"Time\": 0, \"Weight\": 0, \"MachineNo\": \"\"}','{\"Time\": 0, \"Weight\": 0, \"MachineNo\": \"\"}','{\"Time\": 0, \"Weight\": 0, \"MachineNo\": \"\"}','{\"Time\": 0, \"Weight\": 0, \"MachineNo\": \"\"}','{\"Time\": 0, \"Weight\": 0}','2024-12-26 05:27:10',NULL,NULL),(17,'S','{\"Time\": 0, \"Weight\": 0, \"MachineNo\": \"\"}','{\"Time\": 0, \"Weight\": 0, \"MachineNo\": \"\"}','{\"Time\": \"7\", \"Weight\": \"0.650\", \"MachineNo\": \"1\"}','{\"Time\": 0, \"Weight\": 0, \"MachineNo\": \"\"}','{\"Time\": 0, \"Weight\": 0, \"MachineNo\": \"\"}','{\"Time\": \"6\", \"Weight\": \"0.50\", \"MachineNo\": \"1\"}','{\"Time\": 0, \"Weight\": 0, \"MachineNo\": \"\"}','{\"Time\": 0, \"Weight\": 0, \"MachineNo\": \"\"}','{\"Time\": 0, \"Weight\": 0, \"MachineNo\": \"\"}','{\"Time\": 0, \"Weight\": 0, \"MachineNo\": \"\"}','{\"Time\": 0, \"Weight\": 0, \"MachineNo\": \"\"}','{\"Time\": 0, \"Weight\": 0, \"MachineNo\": \"\"}','{\"Time\": 0, \"Weight\": 0, \"MachineNo\": \"\"}','{\"Time\": 0, \"Weight\": 0, \"MachineNo\": \"\"}','{\"Time\": 0, \"Weight\": 0}','2024-12-26 05:27:10',NULL,NULL),(18,'S','{\"Time\": 0, \"Weight\": 0, \"MachineNo\": \"\"}','{\"Time\": 0, \"Weight\": 0, \"MachineNo\": \"\"}','{\"Time\": \"7\", \"Weight\": \"0.65\", \"MachineNo\": \"1\"}','{\"Time\": 0, \"Weight\": 0, \"MachineNo\": \"\"}','{\"Time\": 0, \"Weight\": 0, \"MachineNo\": \"\"}','{\"Time\": \"5\", \"Weight\": \"0.52\", \"MachineNo\": \"1\"}','{\"Time\": 0, \"Weight\": 0, \"MachineNo\": \"\"}','{\"Time\": 0, \"Weight\": 0, \"MachineNo\": \"\"}','{\"Time\": 0, \"Weight\": 0, \"MachineNo\": \"\"}','{\"Time\": 0, \"Weight\": 0, \"MachineNo\": \"\"}','{\"Time\": \"3\", \"Weight\": \"0.23\", \"MachineNo\": \"1\"}','{\"Time\": 0, \"Weight\": 0, \"MachineNo\": \"\"}','{\"Time\": 0, \"Weight\": 0, \"MachineNo\": \"\"}','{\"Time\": 0, \"Weight\": 0, \"MachineNo\": \"\"}','{\"Time\": 0, \"Weight\": 0}','2024-12-26 05:27:10',NULL,NULL),(7,'M','{\"Time\": 0, \"Weight\": 0, \"MachineNo\": \"\"}','{\"Time\": 0, \"Weight\": 0, \"MachineNo\": \"\"}','{\"Time\": 0, \"Weight\": 0, \"MachineNo\": \"\"}','{\"Time\": 0, \"Weight\": 0, \"MachineNo\": \"\"}','{\"Time\": 0, \"Weight\": 0, \"MachineNo\": \"\"}','{\"Time\": \"5\", \"Weight\": \"0.540\", \"MachineNo\": \"1\"}','{\"Time\": 0, \"Weight\": 0, \"MachineNo\": \"\"}','{\"Time\": 0, \"Weight\": 0, \"MachineNo\": \"\"}','{\"Time\": \"4\", \"Weight\": \"0.450\", \"MachineNo\": \"1\"}','{\"Time\": 0, \"Weight\": 0, \"MachineNo\": \"\"}','{\"Time\": 0, \"Weight\": 0, \"MachineNo\": \"\"}','{\"Time\": 0, \"Weight\": 0, \"MachineNo\": \"\"}','{\"Time\": 0, \"Weight\": 0, \"MachineNo\": \"\"}','{\"Time\": 0, \"Weight\": 0, \"MachineNo\": \"\"}','{\"Time\": 0, \"Weight\": 0}','2024-12-26 05:27:10',NULL,NULL),(19,'XL','{\"Time\": 0, \"Weight\": 0, \"MachineNo\": \"\"}','{\"Time\": 0, \"Weight\": 0, \"MachineNo\": \"\"}','{\"Time\": \"4\", \"Weight\": \"0.54\", \"MachineNo\": \"1\"}','{\"Time\": 0, \"Weight\": 0, \"MachineNo\": \"\"}','{\"Time\": 0, \"Weight\": 0, \"MachineNo\": \"\"}','{\"Time\": 0, \"Weight\": 0, \"MachineNo\": \"\"}','{\"Time\": 0, \"Weight\": 0, \"MachineNo\": \"\"}','{\"Time\": 0, \"Weight\": 0, \"MachineNo\": \"\"}','{\"Time\": 0, \"Weight\": 0, \"MachineNo\": \"\"}','{\"Time\": 0, \"Weight\": 0, \"MachineNo\": \"\"}','{\"Time\": 0, \"Weight\": 0, \"MachineNo\": \"\"}','{\"Time\": 0, \"Weight\": 0, \"MachineNo\": \"\"}','{\"Time\": 0, \"Weight\": 0, \"MachineNo\": \"\"}','{\"Time\": 0, \"Weight\": 0, \"MachineNo\": \"\"}','{\"Time\": 0, \"Weight\": 0}','2024-12-26 05:27:10',NULL,NULL),(20,'S','{\"Time\": 0, \"Weight\": 0, \"MachineNo\": \"\"}','{\"Time\": 0, \"Weight\": 0, \"MachineNo\": \"\"}','{\"Time\": \"10\", \"Weight\": \"1\", \"MachineNo\": \"1\"}','{\"Time\": 0, \"Weight\": 0, \"MachineNo\": \"\"}','{\"Time\": 0, \"Weight\": 0, \"MachineNo\": \"\"}','{\"Time\": 0, \"Weight\": 0, \"MachineNo\": \"\"}','{\"Time\": 0, \"Weight\": 0, \"MachineNo\": \"\"}','{\"Time\": 0, \"Weight\": 0, \"MachineNo\": \"\"}','{\"Time\": 0, \"Weight\": 0, \"MachineNo\": \"\"}','{\"Time\": 0, \"Weight\": 0, \"MachineNo\": \"\"}','{\"Time\": 0, \"Weight\": 0, \"MachineNo\": \"\"}','{\"Time\": 0, \"Weight\": 0, \"MachineNo\": \"\"}','{\"Time\": 0, \"Weight\": 0, \"MachineNo\": \"\"}','{\"Time\": 0, \"Weight\": 0, \"MachineNo\": \"\"}','{\"Time\": 0, \"Weight\": 0}','2024-12-26 05:27:10',NULL,NULL),(20,'S','{\"Time\": 0, \"Weight\": 0, \"MachineNo\": \"\"}','{\"Time\": 0, \"Weight\": 0, \"MachineNo\": \"\"}','{\"Time\": \"5\", \"Weight\": \"0.52\", \"MachineNo\": \"1\"}','{\"Time\": 0, \"Weight\": 0, \"MachineNo\": \"\"}','{\"Time\": 0, \"Weight\": 0, \"MachineNo\": \"\"}','{\"Time\": 0, \"Weight\": 0, \"MachineNo\": \"\"}','{\"Time\": 0, \"Weight\": 0, \"MachineNo\": \"\"}','{\"Time\": 0, \"Weight\": 0, \"MachineNo\": \"\"}','{\"Time\": 0, \"Weight\": 0, \"MachineNo\": \"\"}','{\"Time\": 0, \"Weight\": 0, \"MachineNo\": \"\"}','{\"Time\": 0, \"Weight\": 0, \"MachineNo\": \"\"}','{\"Time\": 0, \"Weight\": 0, \"MachineNo\": \"\"}','{\"Time\": 0, \"Weight\": 0, \"MachineNo\": \"\"}','{\"Time\": 0, \"Weight\": 0, \"MachineNo\": \"\"}','{\"Time\": 0, \"Weight\": 0}','2024-12-26 05:27:10',NULL,NULL),(21,'FreeSize','{\"Time\": 0, \"Weight\": 0, \"MachineNo\": \"\"}','{\"Time\": 0, \"Weight\": 0, \"MachineNo\": \"\"}','{\"Time\": \"12\", \"Weight\": \"1.25\", \"MachineNo\": \"1\"}','{\"Time\": 0, \"Weight\": 0, \"MachineNo\": \"\"}','{\"Time\": 0, \"Weight\": 0, \"MachineNo\": \"\"}','{\"Time\": 0, \"Weight\": 0, \"MachineNo\": \"\"}','{\"Time\": 0, \"Weight\": 0, \"MachineNo\": \"\"}','{\"Time\": 0, \"Weight\": 0, \"MachineNo\": \"\"}','{\"Time\": 0, \"Weight\": 0, \"MachineNo\": \"\"}','{\"Time\": 0, \"Weight\": 0, \"MachineNo\": \"\"}','{\"Time\": 0, \"Weight\": 0, \"MachineNo\": \"\"}','{\"Time\": 0, \"Weight\": 0, \"MachineNo\": \"\"}','{\"Time\": 0, \"Weight\": 0, \"MachineNo\": \"\"}','{\"Time\": 0, \"Weight\": 0, \"MachineNo\": \"\"}','{\"Time\": 0, \"Weight\": 0}','2024-12-26 05:27:10',NULL,NULL),(22,'FreeSize','{\"Time\": 0, \"Weight\": 0, \"MachineNo\": \"\"}','{\"Time\": 0, \"Weight\": 0, \"MachineNo\": \"\"}','{\"Time\": \"6\", \"Weight\": \"0.500\", \"MachineNo\": \"1\"}','{\"Time\": 0, \"Weight\": 0, \"MachineNo\": \"\"}','{\"Time\": 0, \"Weight\": 0, \"MachineNo\": \"\"}','{\"Time\": \"5\", \"Weight\": \"0.400\", \"MachineNo\": \"1\"}','{\"Time\": 0, \"Weight\": 0, \"MachineNo\": \"\"}','{\"Time\": 0, \"Weight\": 0, \"MachineNo\": \"\"}','{\"Time\": \"3\", \"Weight\": \"0.200\", \"MachineNo\": \"1\"}','{\"Time\": 0, \"Weight\": 0, \"MachineNo\": \"\"}','{\"Time\": 0, \"Weight\": 0, \"MachineNo\": \"\"}','{\"Time\": 0, \"Weight\": 0, \"MachineNo\": \"\"}','{\"Time\": 0, \"Weight\": 0, \"MachineNo\": \"\"}','{\"Time\": 0, \"Weight\": 0, \"MachineNo\": \"\"}','{\"Time\": 0, \"Weight\": 0}','2024-12-26 05:27:10',NULL,NULL),(23,'M',NULL,NULL,'{\"Time\": \"32\", \"Weight\": \"320\", \"MachineNo\": \"1\"}',NULL,NULL,NULL,NULL,NULL,NULL,NULL,NULL,NULL,NULL,NULL,'{\"Time\": 32, \"Weight\": 320}','2024-12-26 05:27:10','admin','2024-12-28 10:10:11'),(24,'XL','{\"Time\": 0, \"Weight\": 0, \"MachineNo\": \"\"}','{\"Time\": 0, \"Weight\": 0, \"MachineNo\": \"\"}','{\"Time\": 6, \"Weight\": 0.52, \"MachineNo\": \"1\"}','{\"Time\": 0, \"Weight\": 0, \"MachineNo\": \"\"}','{\"Time\": 0, \"Weight\": 0, \"MachineNo\": \"\"}','{\"Time\": 4, \"Weight\": 0.4, \"MachineNo\": \"1\"}','{\"Time\": 0, \"Weight\": 0, \"MachineNo\": \"\"}','{\"Time\": 0, \"Weight\": 0, \"MachineNo\": \"\"}','{\"Time\": 0, \"Weight\": 0, \"MachineNo\": \"\"}','{\"Time\": 0, \"Weight\": 0, \"MachineNo\": \"\"}','{\"Time\": 0, \"Weight\": 0, \"MachineNo\": \"\"}','{\"Time\": 0, \"Weight\": 0, \"MachineNo\": \"\"}','{\"Time\": 0, \"Weight\": 0, \"MachineNo\": \"\"}','{\"Time\": 0, \"Weight\": 0, \"MachineNo\": \"\"}','{\"Time\": 0, \"Weight\": 0}','2024-12-26 05:27:10',NULL,NULL),(24,'XL','{\"Time\": 0, \"Weight\": 0, \"MachineNo\": \"\"}','{\"Time\": 0, \"Weight\": 0, \"MachineNo\": \"\"}','{\"Time\": 5, \"Weight\": 541, \"MachineNo\": \"1\"}','{\"Time\": 0, \"Weight\": 0, \"MachineNo\": \"\"}','{\"Time\": 0, \"Weight\": 0, \"MachineNo\": \"\"}','{\"Time\": 6, \"Weight\": 650, \"MachineNo\": \"1\"}','{\"Time\": 0, \"Weight\": 0, \"MachineNo\": \"\"}','{\"Time\": 0, \"Weight\": 0, \"MachineNo\": \"\"}','{\"Time\": 0, \"Weight\": 0, \"MachineNo\": \"\"}','{\"Time\": 0, \"Weight\": 0, \"MachineNo\": \"\"}','{\"Time\": 0, \"Weight\": 0, \"MachineNo\": \"\"}','{\"Time\": 0, \"Weight\": 0, \"MachineNo\": \"\"}','{\"Time\": 0, \"Weight\": 0, \"MachineNo\": \"\"}','{\"Time\": 0, \"Weight\": 0, \"MachineNo\": \"\"}','{\"Time\": 0, \"Weight\": 0}','2024-12-26 05:27:10',NULL,NULL),(24,'S','{\"Time\": 0, \"Weight\": 0, \"MachineNo\": \"\"}','{\"Time\": 0, \"Weight\": 0, \"MachineNo\": \"\"}','{\"Time\": 2, \"Weight\": 120, \"MachineNo\": \"1\"}','{\"Time\": 0, \"Weight\": 0, \"MachineNo\": \"\"}','{\"Time\": 0, \"Weight\": 0, \"MachineNo\": \"\"}','{\"Time\": 2, \"Weight\": 230, \"MachineNo\": \"1\"}','{\"Time\": 0, \"Weight\": 0, \"MachineNo\": \"\"}','{\"Time\": 0, \"Weight\": 0, \"MachineNo\": \"\"}','{\"Time\": 0, \"Weight\": 0, \"MachineNo\": \"\"}','{\"Time\": 0, \"Weight\": 0, \"MachineNo\": \"\"}','{\"Time\": 0, \"Weight\": 0, \"MachineNo\": \"\"}','{\"Time\": 0, \"Weight\": 0, \"MachineNo\": \"\"}','{\"Time\": 0, \"Weight\": 0, \"MachineNo\": \"\"}','{\"Time\": 0, \"Weight\": 0, \"MachineNo\": \"\"}','{\"Time\": 0, \"Weight\": 0}','2024-12-26 05:27:10',NULL,NULL),(24,'M','{\"Time\": 0, \"Weight\": 0, \"MachineNo\": \"\"}','{\"Time\": 0, \"Weight\": 0, \"MachineNo\": \"\"}','{\"Time\": 1, \"Weight\": 1200, \"MachineNo\": \"1\"}','{\"Time\": 0, \"Weight\": 0, \"MachineNo\": \"\"}','{\"Time\": 0, \"Weight\": 0, \"MachineNo\": \"\"}','{\"Time\": 11, \"Weight\": 120, \"MachineNo\": \"1\"}','{\"Time\": 0, \"Weight\": 0, \"MachineNo\": \"\"}','{\"Time\": 0, \"Weight\": 0, \"MachineNo\": \"\"}','{\"Time\": 0, \"Weight\": 0, \"MachineNo\": \"\"}','{\"Time\": 0, \"Weight\": 0, \"MachineNo\": \"\"}','{\"Time\": 0, \"Weight\": 0, \"MachineNo\": \"\"}','{\"Time\": 0, \"Weight\": 0, \"MachineNo\": \"\"}','{\"Time\": 0, \"Weight\": 0, \"MachineNo\": \"\"}','{\"Time\": 0, \"Weight\": 0, \"MachineNo\": \"\"}','{\"Time\": 0, \"Weight\": 0}','2024-12-26 05:27:10',NULL,NULL),(15,'M','{\"Time\": 0, \"Weight\": 0, \"MachineNo\": \"\"}','{\"Time\": 0, \"Weight\": 0, \"MachineNo\": \"\"}','{\"Time\": 1.2, \"Weight\": 120, \"MachineNo\": \"1\"}','{\"Time\": 0, \"Weight\": 0, \"MachineNo\": \"\"}','{\"Time\": 0, \"Weight\": 0, \"MachineNo\": \"\"}','{\"Time\": 2, \"Weight\": 210, \"MachineNo\": \"1\"}','{\"Time\": 0, \"Weight\": 0, \"MachineNo\": \"\"}','{\"Time\": 0, \"Weight\": 0, \"MachineNo\": \"\"}','{\"Time\": 0, \"Weight\": 0, \"MachineNo\": \"\"}','{\"Time\": 0, \"Weight\": 0, \"MachineNo\": \"\"}','{\"Time\": 0, \"Weight\": 0, \"MachineNo\": \"\"}','{\"Time\": 0, \"Weight\": 0, \"MachineNo\": \"\"}','{\"Time\": 0, \"Weight\": 0, \"MachineNo\": \"\"}','{\"Time\": 0, \"Weight\": 0, \"MachineNo\": \"\"}','{\"Time\": 0, \"Weight\": 0}','2024-12-26 05:27:10',NULL,NULL),(20,'M','{\"Time\": 0, \"Weight\": 0, \"MachineNo\": \"\"}','{\"Time\": 0, \"Weight\": 0, \"MachineNo\": \"\"}','{\"Time\": 3, \"Weight\": 350, \"MachineNo\": \"1\"}','{\"Time\": 0, \"Weight\": 0, \"MachineNo\": \"\"}','{\"Time\": 0, \"Weight\": 0, \"MachineNo\": \"\"}','{\"Time\": 3, \"Weight\": 352, \"MachineNo\": \"1\"}','{\"Time\": 0, \"Weight\": 0, \"MachineNo\": \"\"}','{\"Time\": 0, \"Weight\": 0, \"MachineNo\": \"\"}','{\"Time\": 0, \"Weight\": 0, \"MachineNo\": \"\"}','{\"Time\": 0, \"Weight\": 0, \"MachineNo\": \"\"}','{\"Time\": 0, \"Weight\": 0, \"MachineNo\": \"\"}','{\"Time\": 0, \"Weight\": 0, \"MachineNo\": \"\"}','{\"Time\": 0, \"Weight\": 0, \"MachineNo\": \"\"}','{\"Time\": 0, \"Weight\": 0, \"MachineNo\": \"\"}','{\"Time\": 0, \"Weight\": 0}','2024-12-26 05:27:10',NULL,NULL),(15,'l','{\"Time\": 0, \"Weight\": 0, \"MachineNo\": \"\"}','{\"Time\": 0, \"Weight\": 0, \"MachineNo\": \"\"}','{\"Time\": 0, \"Weight\": 0, \"MachineNo\": \"\"}','{\"Time\": 0, \"Weight\": 0, \"MachineNo\": \"\"}','{\"Time\": 0, \"Weight\": 0, \"MachineNo\": \"\"}','{\"Time\": 0, \"Weight\": 0, \"MachineNo\": \"\"}','{\"Time\": 0, \"Weight\": 0, \"MachineNo\": \"\"}','{\"Time\": 0, \"Weight\": 0, \"MachineNo\": \"\"}','{\"Time\": 1.2, \"Weight\": 120, \"MachineNo\": \"1\"}','{\"Time\": 0, \"Weight\": 0, \"MachineNo\": \"\"}','{\"Time\": 2.3, \"Weight\": 230, \"MachineNo\": \"1\"}','{\"Time\": 0, \"Weight\": 0, \"MachineNo\": \"\"}','{\"Time\": 0, \"Weight\": 0, \"MachineNo\": \"\"}','{\"Time\": 0, \"Weight\": 0, \"MachineNo\": \"\"}','{\"Time\": 3.5, \"Weight\": 350}','2024-12-26 05:27:10',NULL,NULL),(25,'M',NULL,NULL,'{\"Time\": \"35\", \"Weight\": \"350\", \"MachineNo\": \"1\"}',NULL,NULL,'{\"Time\": \"30\", \"Weight\": \"300\", \"MachineNo\": \"1\"}',NULL,NULL,NULL,NULL,NULL,NULL,NULL,NULL,'{\"Time\": 65, \"Weight\": 650}','2024-12-26 05:27:10',NULL,NULL),(26,'XL','{\"Time\": 0, \"Weight\": 0, \"MachineNo\": \"\"}','{\"Time\": 0, \"Weight\": 0, \"MachineNo\": \"\"}','{\"Time\": 30, \"Weight\": 350, \"MachineNo\": \"1\"}','{\"Time\": 0, \"Weight\": 0, \"MachineNo\": \"\"}','{\"Time\": 0, \"Weight\": 0, \"MachineNo\": \"\"}','{\"Time\": 0, \"Weight\": 0, \"MachineNo\": \"\"}','{\"Time\": 0, \"Weight\": 0, \"MachineNo\": \"\"}','{\"Time\": 0, \"Weight\": 0, \"MachineNo\": \"\"}','{\"Time\": 0, \"Weight\": 0, \"MachineNo\": \"\"}','{\"Time\": 0, \"Weight\": 0, \"MachineNo\": \"\"}','{\"Time\": 0, \"Weight\": 0, \"MachineNo\": \"\"}','{\"Time\": 0, \"Weight\": 0, \"MachineNo\": \"\"}','{\"Time\": 0, \"Weight\": 0, \"MachineNo\": \"\"}','{\"Time\": 0, \"Weight\": 0, \"MachineNo\": \"\"}','{\"Time\": 30, \"Weight\": 350}','2024-12-26 05:27:10',NULL,NULL),(26,'S','{\"Time\": 0, \"Weight\": 0, \"MachineNo\": \"\"}','{\"Time\": 0, \"Weight\": 0, \"MachineNo\": \"\"}','{\"Time\": 35, \"Weight\": 350, \"MachineNo\": \"1\"}','{\"Time\": 0, \"Weight\": 0, \"MachineNo\": \"\"}','{\"Time\": 0, \"Weight\": 0, \"MachineNo\": \"\"}','{\"Time\": 30, \"Weight\": 300, \"MachineNo\": \"1\"}','{\"Time\": 0, \"Weight\": 0, \"MachineNo\": \"\"}','{\"Time\": 0, \"Weight\": 0, \"MachineNo\": \"\"}','{\"Time\": 0, \"Weight\": 0, \"MachineNo\": \"\"}','{\"Time\": 0, \"Weight\": 0, \"MachineNo\": \"\"}','{\"Time\": 0, \"Weight\": 0, \"MachineNo\": \"\"}','{\"Time\": 0, \"Weight\": 0, \"MachineNo\": \"\"}','{\"Time\": 0, \"Weight\": 0, \"MachineNo\": \"\"}','{\"Time\": 0, \"Weight\": 0, \"MachineNo\": \"\"}','{\"Time\": 65, \"Weight\": 650}','2024-12-26 05:27:10',NULL,NULL),(28,'XL','{\"Time\": 0, \"Weight\": 0, \"MachineNo\": \"\"}','{\"Time\": 0, \"Weight\": 0, \"MachineNo\": \"\"}','{\"Time\": 30, \"Weight\": 350, \"MachineNo\": \"1\"}','{\"Time\": 0, \"Weight\": 0, \"MachineNo\": \"\"}','{\"Time\": 0, \"Weight\": 0, \"MachineNo\": \"\"}','{\"Time\": 28, \"Weight\": 300, \"MachineNo\": \"1\"}','{\"Time\": 0, \"Weight\": 0, \"MachineNo\": \"\"}','{\"Time\": 0, \"Weight\": 0, \"MachineNo\": \"\"}','{\"Time\": 12, \"Weight\": 120, \"MachineNo\": \"1\"}','{\"Time\": 0, \"Weight\": 0, \"MachineNo\": \"\"}','{\"Time\": 0, \"Weight\": 0, \"MachineNo\": \"\"}','{\"Time\": 0, \"Weight\": 0, \"MachineNo\": \"\"}','{\"Time\": 0, \"Weight\": 0, \"MachineNo\": \"\"}','{\"Time\": 0, \"Weight\": 0, \"MachineNo\": \"\"}','{\"Time\": 70, \"Weight\": 770}','2024-12-26 05:27:10',NULL,NULL),(30,'FreeSize','{\"Time\": 0, \"Weight\": 0, \"MachineNo\": \"\"}','{\"Time\": 0, \"Weight\": 0, \"MachineNo\": \"\"}','{\"Time\": 32, \"Weight\": 350, \"MachineNo\": \"1\"}','{\"Time\": 0, \"Weight\": 0, \"MachineNo\": \"\"}','{\"Time\": 0, \"Weight\": 0, \"MachineNo\": \"\"}','{\"Time\": 30, \"Weight\": 310, \"MachineNo\": \"1\"}','{\"Time\": 0, \"Weight\": 0, \"MachineNo\": \"\"}','{\"Time\": 0, \"Weight\": 0, \"MachineNo\": \"\"}','{\"Time\": 10, \"Weight\": 120, \"MachineNo\": \"1\"}','{\"Time\": 0, \"Weight\": 0, \"MachineNo\": \"\"}','{\"Time\": 0, \"Weight\": 0, \"MachineNo\": \"\"}','{\"Time\": 0, \"Weight\": 0, \"MachineNo\": \"\"}','{\"Time\": 0, \"Weight\": 0, \"MachineNo\": \"\"}','{\"Time\": 0, \"Weight\": 0, \"MachineNo\": \"\"}','{\"Time\": 72, \"Weight\": 780}','2024-12-26 05:27:10',NULL,NULL),(33,'XL',NULL,NULL,'{\"Time\": \"35\", \"Weight\": \"350\", \"MachineNo\": \"1\"}',NULL,NULL,NULL,NULL,NULL,NULL,NULL,NULL,NULL,NULL,NULL,'{\"Time\": 35, \"Weight\": 350}','2024-12-26 05:27:10',NULL,NULL),(34,'M',NULL,NULL,'{\"Time\": \"350\", \"Weight\": \"350\", \"MachineNo\": \"1\"}',NULL,NULL,NULL,NULL,NULL,NULL,NULL,NULL,NULL,NULL,NULL,'{\"Time\": 350, \"Weight\": 350}','2024-12-26 05:27:10',NULL,NULL),(36,'XL',NULL,NULL,'{\"Time\": \"34\", \"Weight\": \"350\", \"MachineNo\": \"1\"}',NULL,NULL,NULL,NULL,NULL,NULL,NULL,NULL,NULL,NULL,NULL,'{\"Time\": 34, \"Weight\": 350}','2024-12-28 07:18:19',NULL,NULL),(37,'XL',NULL,NULL,'{\"Time\": \"35\", \"Weight\": \"350\", \"MachineNo\": \"1\"}',NULL,NULL,NULL,NULL,NULL,NULL,NULL,NULL,NULL,NULL,NULL,'{\"Time\": 35, \"Weight\": 350}','2024-12-28 07:26:57',NULL,NULL),(42,'XL',NULL,NULL,NULL,NULL,NULL,'{\"Time\": \"35\", \"Weight\": \"350\", \"MachineNo\": \"1\"}',NULL,NULL,NULL,NULL,NULL,NULL,NULL,NULL,'{\"Time\": 35, \"Weight\": 350}','2024-12-28 08:04:12',NULL,NULL),(44,'XL',NULL,NULL,'{\"Time\": \"32\", \"Weight\": \"320\", \"MachineNo\": \"1\"}',NULL,NULL,NULL,NULL,NULL,NULL,NULL,NULL,NULL,NULL,NULL,'{\"Time\": 32, \"Weight\": 320}','2024-12-28 08:11:53','admin',NULL),(45,'S',NULL,NULL,NULL,NULL,NULL,'{\"Time\": \"32\", \"Weight\": \"320\", \"MachineNo\": \"1\"}',NULL,NULL,NULL,NULL,NULL,NULL,NULL,NULL,'{\"Time\": 32, \"Weight\": 320}','2024-12-28 08:15:45','admin',NULL),(46,'XL',NULL,NULL,'{\"Time\": \"30\", \"Weight\": \"300\", \"MachineNo\": \"1\"}',NULL,NULL,NULL,NULL,NULL,NULL,NULL,NULL,NULL,NULL,NULL,'{\"Time\": 30, \"Weight\": 300}','2024-12-28 08:22:49','admin',NULL),(47,'XL',NULL,NULL,'{\"Time\": \"32\", \"Weight\": \"320\", \"MachineNo\": \"1\"}',NULL,NULL,NULL,NULL,NULL,NULL,NULL,NULL,NULL,NULL,NULL,'{\"Time\": 32, \"Weight\": 320}','2024-12-28 08:28:13','admin',NULL),(48,'M',NULL,NULL,'{\"Time\": \"32\", \"Weight\": \"320\", \"MachineNo\": \"1\"}',NULL,NULL,NULL,NULL,NULL,NULL,NULL,NULL,NULL,NULL,NULL,'{\"Time\": 32, \"Weight\": 320}','2024-12-28 08:32:25','admin',NULL),(49,'M',NULL,NULL,NULL,NULL,NULL,'{\"Time\": \"30\", \"Weight\": \"300\", \"MachineNo\": \"1\"}',NULL,NULL,NULL,NULL,NULL,NULL,NULL,NULL,'{\"Time\": 30, \"Weight\": 300}','2024-12-28 08:37:12','admin',NULL),(50,'S',NULL,NULL,NULL,NULL,NULL,'{\"Time\": \"32\", \"Weight\": \"320\", \"MachineNo\": \"1\"}',NULL,NULL,NULL,NULL,NULL,NULL,NULL,NULL,'{\"Time\": 32, \"Weight\": 320}','2024-12-28 08:40:30','admin',NULL),(51,'M',NULL,NULL,NULL,NULL,NULL,'{\"Time\": \"30\", \"Weight\": \"300\", \"MachineNo\": \"1\"}',NULL,NULL,NULL,NULL,NULL,NULL,NULL,NULL,'{\"Time\": 30, \"Weight\": 300}','2024-12-28 08:42:38','admin',NULL),(52,'M',NULL,NULL,'{\"Time\": \"30\", \"Weight\": \"300\", \"MachineNo\": \"1\"}',NULL,NULL,NULL,NULL,NULL,NULL,NULL,NULL,NULL,NULL,NULL,'{\"Time\": 30, \"Weight\": 300}','2024-12-28 08:45:25','admin',NULL),(53,'XL',NULL,NULL,'{\"Time\": \"30\", \"Weight\": \"300\", \"MachineNo\": \"1\"}',NULL,NULL,NULL,NULL,NULL,NULL,NULL,NULL,NULL,NULL,NULL,'{\"Time\": 30, \"Weight\": 300}','2024-12-28 08:50:57','admin',NULL),(54,'S',NULL,NULL,NULL,NULL,NULL,'{\"Time\": \"320\", \"Weight\": \"320\", \"MachineNo\": \"1\"}',NULL,NULL,NULL,NULL,NULL,NULL,NULL,NULL,'{\"Time\": 320, \"Weight\": 320}','2024-12-28 08:54:20','admin',NULL),(55,'M',NULL,NULL,NULL,NULL,NULL,'{\"Time\": \"30\", \"Weight\": \"300\", \"MachineNo\": \"1\"}',NULL,NULL,NULL,NULL,NULL,NULL,NULL,NULL,'{\"Time\": 30, \"Weight\": 300}','2024-12-28 08:58:31','admin',NULL),(56,'XL',NULL,NULL,'{\"Time\": \"32\", \"Weight\": \"320\", \"MachineNo\": \"1\"}',NULL,NULL,NULL,NULL,NULL,NULL,NULL,NULL,NULL,NULL,NULL,'{\"Time\": 32, \"Weight\": 320}','2024-12-28 09:16:09','admin',NULL),(69,'XL',NULL,NULL,'{\"Time\": \"35\", \"Weight\": \"350\", \"MachineNo\": \"1\"}',NULL,NULL,'{\"Time\": \"20\", \"Weight\": \"200\", \"MachineNo\": \"1\"}',NULL,NULL,NULL,NULL,NULL,NULL,NULL,NULL,'{\"Time\": 55, \"Weight\": 550}','2024-12-30 09:13:17','admin',NULL);
/*!40000 ALTER TABLE `knitting_details` ENABLE KEYS */;
UNLOCK TABLES;

--
-- Table structure for table `machine_master`
--

DROP TABLE IF EXISTS `machine_master`;
/*!40101 SET @saved_cs_client     = @@character_set_client */;
/*!50503 SET character_set_client = utf8mb4 */;
CREATE TABLE `machine_master` (
  `MachineNo` varchar(50) NOT NULL,
  `ModelNo` varchar(50) DEFAULT NULL,
  `MachineType` varchar(100) DEFAULT NULL,
  `Category` varchar(100) DEFAULT NULL,
  `CountPeriod` varchar(50) DEFAULT NULL,
  `MachineSystem` varchar(100) DEFAULT NULL,
  `MachineStatus` varchar(100) DEFAULT NULL,
  `Remarks` varchar(100) DEFAULT NULL,
  `Date` timestamp NULL DEFAULT CURRENT_TIMESTAMP,
  `UserId` varchar(50) DEFAULT NULL,
  `updated_at` timestamp NULL DEFAULT NULL ON UPDATE CURRENT_TIMESTAMP,
  PRIMARY KEY (`MachineNo`)
) ENGINE=InnoDB DEFAULT CHARSET=utf8mb4 COLLATE=utf8mb4_0900_ai_ci;
/*!40101 SET character_set_client = @saved_cs_client */;

--
-- Dumping data for table `machine_master`
--

LOCK TABLES `machine_master` WRITE;
/*!40000 ALTER TABLE `machine_master` DISABLE KEYS */;
INSERT INTO `machine_master` VALUES ('1','FF272C','10G','Knitting','1','Single','Active','null','2024-12-26 05:27:23','admin','2024-12-30 11:08:55'),('2','FF272C','10G','Knitting','1','Double','Active','null','2024-12-30 11:03:34','admin',NULL),('3','FF272C','10G','Knitting','1','Double','Active','null','2024-12-30 09:49:21',NULL,NULL),('4','FF272C','10G','Knitting','1','Double','Active','null','2024-12-30 11:01:40',NULL,NULL);
/*!40000 ALTER TABLE `machine_master` ENABLE KEYS */;
UNLOCK TABLES;

--
-- Table structure for table `sample_details`
--

DROP TABLE IF EXISTS `sample_details`;
/*!40101 SET @saved_cs_client     = @@character_set_client */;
/*!50503 SET character_set_client = utf8mb4 */;
CREATE TABLE `sample_details` (
  `RSN` int NOT NULL AUTO_INCREMENT,
  `ArticleNo` varchar(50) DEFAULT NULL,
  `ArticleName` varchar(50) DEFAULT NULL,
  `DesignFileNo` varchar(50) DEFAULT NULL,
  `SeriesArticleFileNo` varchar(50) DEFAULT NULL,
  `ArticleType` varchar(50) DEFAULT NULL,
  `Gender` varchar(50) DEFAULT NULL,
  `MachineSpeed` int DEFAULT NULL,
  `Designer` varchar(50) DEFAULT NULL,
  `Grapher` varchar(50) DEFAULT NULL,
  `SampleMaster` varchar(50) DEFAULT NULL,
  `SampleStatus` varchar(50) DEFAULT NULL,
  `Date` timestamp NULL DEFAULT CURRENT_TIMESTAMP,
  `UserId` varchar(50) DEFAULT NULL,
  `updated_at` timestamp NULL DEFAULT NULL ON UPDATE CURRENT_TIMESTAMP,
  PRIMARY KEY (`RSN`)
) ENGINE=InnoDB AUTO_INCREMENT=70 DEFAULT CHARSET=utf8mb4 COLLATE=utf8mb4_0900_ai_ci;
/*!40101 SET character_set_client = @saved_cs_client */;

--
-- Dumping data for table `sample_details`
--

LOCK TABLES `sample_details` WRITE;
/*!40000 ALTER TABLE `sample_details` DISABLE KEYS */;
INSERT INTO `sample_details` VALUES (3,NULL,'cd-09','cd','cd90','tshist','male',80,'vikas','sameer','rahul','pending','2024-12-26 05:27:41',NULL,NULL),(4,NULL,'Soft touch','420','xrf-098','pullover','gents',62,'vedpal','vedpal','lal g','pending...','2024-12-26 05:27:41',NULL,NULL),(5,NULL,'cd-09','cd',' m m ','hgj','hj',56,'jhb','hjb','jhj','jkh','2024-12-26 05:27:41',NULL,NULL),(6,NULL,'cd-09','cd',' m m ','tshist','male',60,'vikas','vedpal','nm ','pending','2024-12-26 05:27:41',NULL,NULL),(7,NULL,'Abckdlknsd','mkmkm',' m m ','tshist','male',70,'vikas','vedpal','nhv','n','2024-12-26 05:27:41',NULL,NULL),(8,NULL,'.,,lm','mkmkm','bjhb j','m m','b',70,'nknj','nm ','nm ','pending','2024-12-26 05:27:41',NULL,NULL),(9,NULL,'.,,lm','cd',' m m ','tshist',' m km k',50,'nknj','vedpal','nhv','n','2024-12-26 05:27:41',NULL,NULL),(10,NULL,'.,,lm','cd','bjhb j','tshist',' m km k',50,'nknj','jk','cfgcvbg','hg','2024-12-26 05:27:41',NULL,NULL),(11,NULL,'.,,lm','cd','bjhb j','bhjbjn',' m km k',85,'nknj','vedpal','nm ','pending','2024-12-26 05:27:41',NULL,NULL),(12,NULL,'ISLAND','ISL-0980','ISL-098','pullover','male',70,'VEDPAL','vedpal SON','LAL G','ACTIVE','2024-12-26 05:27:41',NULL,NULL),(13,NULL,'new','new','new','new','male',50,'new','new','new','pending','2024-12-26 05:27:41',NULL,NULL),(14,NULL,'cool','co-09','co-009','shawl','female',50,'vedpal','Lal g','Sharma g','pending','2024-12-26 05:27:41',NULL,NULL),(16,NULL,'cd-09','cd','cd98','tshist','male',70,'vikas','vedpal','Sharma g','pending','2024-12-26 05:27:41',NULL,NULL),(17,NULL,'ISLAND','ISL-0980','bhb','pullover','male',50,'vikas','vedpal','Sharma g','pending','2024-12-26 05:27:41',NULL,NULL),(18,NULL,'ISLAND','ISL-0980','ISL-098','pullover','male',70,'vikas','vedpal','Sharma g','pending','2024-12-26 05:27:41',NULL,NULL),(19,NULL,'cd-09','cd','bhb','tshist','male',40,'vikas','vedpal','Sharma g','pending','2024-12-26 05:27:41',NULL,NULL),(20,NULL,'cd-09','cd','bhb','tshist','male',40,'vikas','vedpal','Sharma g','pending','2024-12-26 05:27:41',NULL,NULL),(21,NULL,'Field','Fld-097','Fld','Shawl','female',50,'Amit','sameer','Vedpal','Pending','2024-12-26 05:27:41',NULL,NULL),(22,NULL,'HighNeck','HN-014','Hn','Tshirt','male',50,'Amit','vedpal','Sharma g','pending','2024-12-26 05:27:41',NULL,NULL),(23,NULL,'ISLAND','cd','ISL','tshist','male',50,'vikas','vedpal','Sharma g','pending','2024-12-26 05:27:41','admin','2024-12-28 09:24:11'),(24,NULL,'cd-09','mkmkm','cd98','pullover',' m km k',50,'nknj','vedpal','Sharma g','pending','2024-12-26 05:27:41',NULL,NULL),(25,NULL,'mainland','main-007','4206','pullover','mens',70,'vedpal','vedpal','LAL G','pending','2024-12-26 05:27:41','admin','2024-12-28 09:16:48'),(26,NULL,'ISLAND','cd','bhb','tshist','male',50,'vikas','vedpal','Sharma g','pending','2024-12-26 05:27:41',NULL,NULL),(27,NULL,'cd-09','cd','bhb','tshist','male',50,'vikas','vedpal','Sharma g','pending','2024-12-26 05:27:41',NULL,NULL),(28,NULL,'westside','West-098','west','pullover','male',50,'vedpal','vedpal','Vedpal','pending','2024-12-26 05:27:41',NULL,NULL),(29,NULL,'Indie','Ind-67','Ind','tshist','male',70,'Amit','sameer','Sharma g','Pending','2024-12-26 05:27:41',NULL,NULL),(30,NULL,'Indie','Ind-67','Ind','pullover','male',70,'Amit','sameer','Sharma g','pending','2024-12-26 05:27:41',NULL,NULL),(31,NULL,'seashore','sea-67','sea','tshirt','male',60,'vikas','vedpal','LAL G','pending','2024-12-26 05:27:41',NULL,NULL),(32,NULL,'seashore','sea-67','sea','tshist','male',60,'vikas','vedpal','Sharma g','pending','2024-12-26 05:27:41',NULL,NULL),(33,NULL,'ISLAND','ISL-0980','ISL-098','tshist','male',80,'vikas','vedpal','Sharma g','pending','2024-12-26 05:27:41',NULL,NULL),(34,NULL,'cd-09','cd','cd98','tshist','male',70,'vikas','vedpal','Sharma g','pending','2024-12-26 05:27:41',NULL,NULL),(35,NULL,'forest','frst-987','frst','pullover','male',60,'vikas','vedpal','Sharma g','pending','2024-12-28 06:57:51',NULL,NULL),(36,NULL,'Indie','Ind-67','Ind','pullover','male',70,'vikas','vedpal','Sharma g','pending','2024-12-28 07:10:27','admin',NULL),(37,NULL,'Indie','Ind-67','Ind','pullover','male',80,'vikas','vedpal','Sharma g','pending','2024-12-28 07:26:43','admin',NULL),(38,NULL,'Indie','Ind-67','Ind','pullover','male',80,'vikas','vedpal','Sharma g','pending','2024-12-28 07:32:57','admin',NULL),(39,NULL,'Indie','Ind-67','Ind','tshist','male',70,'vikas','vedpal','Sharma g','pending','2024-12-28 07:39:21','admin',NULL),(40,NULL,'ISLAND','ISL-0980','ISL-098','pullover','male',70,'Amit','sameer','Vedpal','pending','2024-12-28 07:45:16','admin',NULL),(41,NULL,'ISLAND','ISL-0980','ISL-098','pullover','female',70,'vikas','vedpal','Sharma g','pending','2024-12-28 07:55:13','admin',NULL),(42,NULL,'ISLAND','ISL-0980','ISL-098','pullover','male',70,'vikas','vedpal','Sharma g','pending','2024-12-28 08:01:17','admin',NULL),(43,NULL,'Indie','Ind-67','Ind','tshist','male',70,'vikas','vedpal','Sharma g','pending','2024-12-28 08:07:24','admin',NULL),(44,NULL,'ISLAND','ISL-0980','ISL-098','pullover','female',70,'vikas','vedpal','Sharma g','pending','2024-12-28 08:11:36','admin',NULL),(45,NULL,'ISLAND','Ind-67','Ind','tshist','male',70,'vikas','vedpal','Sharma g','pending','2024-12-28 08:15:34','admin',NULL),(46,NULL,'ISLAND','ISL-0980','ISL-098','pullover','male',70,'vikas','sameer','Sharma g','pending','2024-12-28 08:22:39','admin',NULL),(47,NULL,'cd-09','cd','Ind','tshist','male',70,'vikas','vedpal','Sharma g','pending','2024-12-28 08:28:03','admin',NULL),(48,NULL,'cd-09','cd','Ind','tshist','male',70,'vikas','vedpal','Sharma g','pending','2024-12-28 08:32:10','admin',NULL),(49,NULL,'ISLAND','Ind-67','Ind','tshist','male',70,'vikas','vedpal','Sharma g','pending','2024-12-28 08:37:00','admin',NULL),(50,NULL,'ISLAND','ISL-0980','ISL-098','pullover','male',70,'vikas','vedpal','Sharma g','pending','2024-12-28 08:40:18','admin',NULL),(51,NULL,'ISLAND','cd','Ind','tshist','male',60,'vikas','vedpal','Sharma g','pending','2024-12-28 08:42:24','admin',NULL),(52,NULL,'Indie','Ind-67','Ind','tshist','male',70,'vikas','vedpal','Sharma g','pending','2024-12-28 08:45:14','admin',NULL),(53,NULL,'ISLAND','cd','Ind','tshist','male',70,'vikas','vedpal','Sharma g','pending','2024-12-28 08:50:46','admin',NULL),(54,NULL,'ISLAND','cd','Ind','tshist','male',70,'vikas','vedpal','Sharma g','pending','2024-12-28 08:54:08','admin',NULL),(55,NULL,'ISLAND','ISL-0980','ISL-098','pullover','male',70,'vikas','vedpal','Sharma g','pending','2024-12-28 08:58:18','admin',NULL),(56,NULL,'ISLAND','ISL-0980','ISL-098','tshist','male',70,'vikas','vedpal','Sharma g','pending','2024-12-28 09:15:57','admin',NULL),(57,NULL,'ISLAND','ISL-0980','ISL-098','tshist','male',70,'vikas','vedpal','Sharma g','pending','2024-12-28 11:07:08','admin',NULL),(58,NULL,'cd-09','cd','Ind','tshist','male',70,'vikas','vedpal','Sharma g','pending','2024-12-28 11:10:54','admin',NULL),(59,NULL,'ISLAND','cd','Ind','tshist','male',70,'vikas','vedpal','Sharma g','pending','2024-12-28 11:13:20','admin',NULL),(60,NULL,'ISLAND','cd','Ind','tshist','male',70,'vikas','vedpal','Sharma g','pending','2024-12-28 11:19:06','admin',NULL),(61,NULL,'ISLAND','cd','Ind','tshist','male',70,'vikas','vedpal','Sharma g','pending','2024-12-28 11:22:17','admin',NULL),(62,NULL,'ISLAND','cd','Ind','tshist','male',70,'vikas','vedpal','Sharma g','pending','2024-12-28 11:26:01','admin',NULL),(63,NULL,'cd-09','cd','Ind','tshist','male',70,'vikas','vedpal','Sharma g','pending','2024-12-28 11:28:23','admin',NULL),(64,NULL,'ISLAND','cd','Ind','tshist','male',70,'vikas','vedpal','Sharma g','pending','2024-12-28 11:36:29','admin',NULL),(65,NULL,'ISLAND','cd','ISL-098','tshist','male',70,'vikas','vedpal','Sharma g','pending','2024-12-30 05:50:46','admin',NULL),(66,NULL,'ISLAND','cd','Ind','tshist','male',40,'vikas','vedpal','Sharma g','pending','2024-12-30 05:56:51','admin',NULL),(67,NULL,'ISLAND','cd','Ind','tshist','male',40,'vikas','vedpal','Sharma g','pending','2024-12-30 06:09:50','admin',NULL),(68,NULL,'ISLAND','cd','Ind','tshist','male',80,'vikas','vedpal','Sharma g','pending','2024-12-30 06:16:55','admin',NULL),(69,NULL,'Holiday','HLD-786','HLD','tshist','male',70,'vikas','vedpal','Sharma g','pending','2024-12-30 09:12:53','admin',NULL);
/*!40000 ALTER TABLE `sample_details` ENABLE KEYS */;
UNLOCK TABLES;

--
-- Table structure for table `sample_images`
--

DROP TABLE IF EXISTS `sample_images`;
/*!40101 SET @saved_cs_client     = @@character_set_client */;
/*!50503 SET character_set_client = utf8mb4 */;
CREATE TABLE `sample_images` (
  `RSN` int NOT NULL,
  `ImageName` varchar(255) DEFAULT NULL,
  `ImageData` varchar(300) DEFAULT NULL,
  `Date` timestamp NULL DEFAULT CURRENT_TIMESTAMP,
  `UserId` varchar(50) DEFAULT NULL,
  `updated_at` timestamp NULL DEFAULT NULL ON UPDATE CURRENT_TIMESTAMP,
  PRIMARY KEY (`RSN`)
) ENGINE=InnoDB DEFAULT CHARSET=utf8mb4 COLLATE=utf8mb4_0900_ai_ci;
/*!40101 SET character_set_client = @saved_cs_client */;

--
-- Dumping data for table `sample_images`
--

LOCK TABLES `sample_images` WRITE;
/*!40000 ALTER TABLE `sample_images` DISABLE KEYS */;
INSERT INTO `sample_images` VALUES (1,'Sweater','uploads\\image-1733815505588-269835480.jpg','2024-12-26 05:40:10',NULL,NULL),(2,'Sweater','uploads\\Image-1735539689545-945176400.jpg','2024-12-30 06:21:29','admin',NULL),(3,'Sweater','uploads\\image-1733815629338-844009824.jpg','2024-12-26 05:40:10',NULL,NULL),(4,'Sweater','uploads\\image-1733820233775-271931369.jpg','2024-12-26 05:40:10',NULL,NULL),(5,'Sweater','uploads\\Image-1735539819067-949840960.jpg','2024-12-30 06:23:39','admin',NULL),(6,'Sweater','uploads\\Image-1735540093397-447803330.jpg','2024-12-30 06:28:13','admin',NULL),(7,'Sweater','uploads\\Image-1735540259027-596318378.jpg','2024-12-30 06:30:59','admin',NULL),(8,'Sweater','uploads\\Image-1735541129925-128007535.jpg','2024-12-30 06:45:29','admin',NULL),(9,'Sweater','uploads\\Image-1735541317493-885011467.jpg','2024-12-30 06:48:37','admin',NULL),(10,'Sweater','uploads\\Image-1735541960289-511939017.jpg','2024-12-30 06:59:20','admin',NULL),(11,'Sweater','uploads\\Image-1735542285396-603833226.jpg','2024-12-30 07:04:45','admin',NULL),(12,'Sweater','uploads\\Image-1735542558345-960862390.jpg','2024-12-30 07:09:18','admin',NULL),(13,'Sweater','uploads\\Image-1735542795847-344935445.jpg','2024-12-30 07:13:15','admin',NULL),(15,'Sweater','uploads\\Image-1735543936769-362530596.jpg','2024-12-30 07:32:16','admin',NULL),(16,'Sweater','uploads\\Image-1735544358526-670015613.jpg','2024-12-30 07:39:18','admin',NULL),(17,'sweater','uploads2.jpg','2024-12-30 07:49:38','admin',NULL),(18,'sweater','uploads2.jpg','2024-12-30 07:56:37','admin',NULL),(19,'sweater','uploadsImage-2.jpg','2024-12-30 07:57:20','admin',NULL),(20,'Sweater','uploads\\Image-2.jpg','2024-12-30 08:00:26','admin',NULL),(21,'Sweater','uploads\\2.jpg','2024-12-30 08:03:11','admin',NULL),(22,'Sweater','uploads\\Image-1735546616714-980506602.jpg','2024-12-30 08:16:56','admin',NULL),(23,'Sweater','uploads\\Image-1735546718837-350055031.jpg','2024-12-30 08:18:38','admin',NULL),(24,'Sweater','uploads\\Image-1735546801344-400039931.jpg','2024-12-30 08:20:01','admin',NULL),(25,'Sweater','uploads\\Image-1735546933780-3041109.jpg','2024-12-30 08:22:13','admin',NULL),(26,'Sweater','uploads\\Image-1735547002974-542171483.jpg','2024-12-30 08:23:23','admin',NULL),(27,'Sweater','uploads\\Image-1735547111939-93715202.jpg','2024-12-30 08:25:12','admin',NULL),(28,'Sweater','uploads\\Image-1735547189140-34281191.jpg','2024-12-30 08:26:29','admin',NULL),(29,'Sweater','uploads\\Image-1735547370537-703410388.jpg','2024-12-30 08:29:30','admin',NULL),(30,'Sweater','uploads\\Image-1735547794962-317698343.jpg','2024-12-30 08:36:35','admin',NULL),(31,'Sweater','uploads\\Image-1735547967478-880036292.jpg','2024-12-30 08:39:27','admin',NULL),(32,'Sweater','uploads\\Image-1735548128427-131446047.jpg','2024-12-30 08:42:08','admin',NULL),(33,'Sweater','uploads\\Image-1735548820515-386363965.jpg','2024-12-30 08:53:40','admin',NULL),(57,'Sweater','uploads\\image-1735384040229-290709758.jpg','2024-12-28 11:07:20',NULL,NULL),(67,'Sweater','uploads\\Image-1735538999765-618226517.jpg','2024-12-30 06:09:59','admin',NULL),(68,'Sweater','uploads\\Image-1735539423911-492619415.jpg','2024-12-30 06:17:03','admin',NULL),(69,'Sweater','uploads\\Image-1735549980370-236504660.jpg','2024-12-30 09:13:00','admin',NULL);
/*!40000 ALTER TABLE `sample_images` ENABLE KEYS */;
UNLOCK TABLES;

--
-- Table structure for table `users`
--

DROP TABLE IF EXISTS `users`;
/*!40101 SET @saved_cs_client     = @@character_set_client */;
/*!50503 SET character_set_client = utf8mb4 */;
CREATE TABLE `users` (
  `UserID` varchar(50) NOT NULL,
  `EmpID` varchar(50) NOT NULL,
  `Password` varchar(255) NOT NULL,
  `Date` timestamp NULL DEFAULT CURRENT_TIMESTAMP,
  `roles` varchar(50) DEFAULT NULL,
  PRIMARY KEY (`UserID`),
  KEY `EmpID` (`EmpID`),
  CONSTRAINT `users_ibfk_1` FOREIGN KEY (`EmpID`) REFERENCES `employee_details` (`EmpId`) ON DELETE CASCADE ON UPDATE CASCADE
) ENGINE=InnoDB DEFAULT CHARSET=utf8mb4 COLLATE=utf8mb4_0900_ai_ci;
/*!40101 SET character_set_client = @saved_cs_client */;

--
-- Dumping data for table `users`
--

LOCK TABLES `users` WRITE;
/*!40000 ALTER TABLE `users` DISABLE KEYS */;
INSERT INTO `users` VALUES ('admin','E101','$2a$10$ol0nv6RDaChlAtUZ.yTplun/ZF1BvoGMFm.JB/lkl8IewDeZ6r88K','2024-12-27 07:12:02',NULL),('Sd','E102','$2a$10$T/YBxKlI53OSHnc86SxLWuweV.TKdNeA9qkjN/4tXmtpfvxknXS3G','2024-12-27 08:13:58',NULL);
/*!40000 ALTER TABLE `users` ENABLE KEYS */;
UNLOCK TABLES;

--
-- Table structure for table `yarn_inventory`
--

DROP TABLE IF EXISTS `yarn_inventory`;
/*!40101 SET @saved_cs_client     = @@character_set_client */;
/*!50503 SET character_set_client = utf8mb4 */;
CREATE TABLE `yarn_inventory` (
  `YarnID` varchar(50) DEFAULT NULL,
  `SupplierName` varchar(100) DEFAULT NULL,
  `SupplierCity` varchar(100) DEFAULT NULL,
  `Weight` float DEFAULT NULL,
  `Amount` float DEFAULT NULL,
  `BillNO` varchar(50) DEFAULT NULL,
  `Date` timestamp NULL DEFAULT CURRENT_TIMESTAMP,
  `UserId` varchar(50) DEFAULT NULL,
  `updated_at` timestamp NULL DEFAULT NULL ON UPDATE CURRENT_TIMESTAMP,
  KEY `fk_YarnID` (`YarnID`)
) ENGINE=InnoDB DEFAULT CHARSET=utf8mb4 COLLATE=utf8mb4_0900_ai_ci;
/*!40101 SET character_set_client = @saved_cs_client */;

--
-- Dumping data for table `yarn_inventory`
--

LOCK TABLES `yarn_inventory` WRITE;
/*!40000 ALTER TABLE `yarn_inventory` DISABLE KEYS */;
INSERT INTO `yarn_inventory` VALUES ('V48RD06401','Xiylin/Gsipl','Ahmedabad',100,100000,NULL,'2024-12-26 05:40:24',NULL,NULL),('V09BE98767','ABC','Ludhiana',200,156413,NULL,'2024-12-26 05:40:24',NULL,NULL),('V09BE98767','ABC','Ludhiana',500,1212120,NULL,'2024-12-26 05:40:24',NULL,NULL),('V09YW98709','ABC','Ludhiana',4542,15412,NULL,'2024-12-26 05:40:24',NULL,NULL),('V09BK99999','ABC','Ludhiana',212,1546520000,NULL,'2024-12-26 05:40:24',NULL,NULL),('V09GY98767','ncbshdc','delhi',5531,1513510,NULL,'2024-12-26 05:40:24',NULL,NULL),('V09BK99999','ncbshdc','Ludhiana',5451,51352,NULL,'2024-12-26 05:40:24',NULL,NULL),('V09BK99999','ncbshdc','Ludhiana',5451,51352,NULL,'2024-12-26 05:40:24',NULL,NULL),('V09BK99999','ncbshdc','Ludhiana',5451,51352,NULL,'2024-12-26 05:40:24',NULL,NULL),('V09BE98767','cdss','delhi',1000,4454240,NULL,'2024-12-26 05:40:24',NULL,NULL),('V09BK99999','ABC','delhi',400,1202,NULL,'2024-12-26 05:40:24',NULL,NULL),('V09BE98767','ABC','Ludhiana',4000,850,NULL,'2024-12-26 05:40:24',NULL,NULL),('V98PK76547','ABC','Ludhiana',520,1000,NULL,'2024-12-26 05:40:24',NULL,NULL),('V98PK76547','ABC','Ludhiana',900,875001,NULL,'2024-12-26 05:40:24',NULL,NULL),('V98PK76547','qwer','Ludhiana',450,850000,NULL,'2024-12-26 05:40:24',NULL,NULL),('V98PK76547','asd','Ludhiana',51521,623,NULL,'2024-12-26 05:40:24',NULL,NULL),('V09YW98709','asd','Ludhiana',120.25,48100,NULL,'2024-12-26 05:40:24',NULL,NULL),('V09YW98709','ABC','Ludhiana',500,200,NULL,'2024-12-26 05:40:24',NULL,NULL),('V98PK76547','ABC','cxv',250,1000,'A101','2024-12-26 05:40:24',NULL,NULL),('V09BE98767','ABC','Ludhiana',100,45,'A101','2024-12-26 18:30:00','admin',NULL);
/*!40000 ALTER TABLE `yarn_inventory` ENABLE KEYS */;
UNLOCK TABLES;

--
-- Table structure for table `yarn_master`
--

DROP TABLE IF EXISTS `yarn_master`;
/*!40101 SET @saved_cs_client     = @@character_set_client */;
/*!50503 SET character_set_client = utf8mb4 */;
CREATE TABLE `yarn_master` (
  `YarnID` varchar(50) NOT NULL,
  `YarnType` varchar(50) DEFAULT NULL,
  `YarnCount` varchar(20) DEFAULT NULL,
  `ColorName` varchar(20) DEFAULT NULL,
  `ColorCode` varchar(50) DEFAULT NULL,
  `Weight` float DEFAULT '0',
  `Date` timestamp NULL DEFAULT CURRENT_TIMESTAMP,
  `UserId` varchar(50) DEFAULT NULL,
  `updated_at` timestamp NULL DEFAULT NULL ON UPDATE CURRENT_TIMESTAMP,
  PRIMARY KEY (`YarnID`)
) ENGINE=InnoDB DEFAULT CHARSET=utf8mb4 COLLATE=utf8mb4_0900_ai_ci;
/*!40101 SET character_set_client = @saved_cs_client */;

--
-- Dumping data for table `yarn_master`
--

LOCK TABLES `yarn_master` WRITE;
/*!40000 ALTER TABLE `yarn_master` DISABLE KEYS */;
INSERT INTO `yarn_master` VALUES ('V09BE98767','Vislon','8/09','Blue','98767',50010000000,'2024-12-26 05:40:39',NULL,'2024-12-28 10:45:31'),('V09BK99999','Vislon','7/09','Black','99999',2.12545e17,'2024-12-26 05:40:39',NULL,NULL),('V09GY98767','Vislon','8/09','Grey','98767',5531,'2024-12-26 05:40:39',NULL,NULL),('V09YW98709','Vislon','8/09','Yellow','98709',5162.25,'2024-12-26 05:40:39',NULL,NULL),('V48ON0542','vislon','2/48','ONION','0542',0,'2024-12-26 05:40:39',NULL,NULL),('V48RD06401','Vislon(25%30%5%)','2/48','Red','06401',0,'2024-12-26 05:40:39',NULL,NULL),('V64GD897/78','Vislon','76764','Gold','897/78',0,'2024-12-28 10:35:53','admin',NULL),('V98PK76547','Vislon','6/98','Pink','76547',53641,'2024-12-26 05:40:39',NULL,NULL);
/*!40000 ALTER TABLE `yarn_master` ENABLE KEYS */;
UNLOCK TABLES;
/*!40103 SET TIME_ZONE=@OLD_TIME_ZONE */;

/*!40101 SET SQL_MODE=@OLD_SQL_MODE */;
/*!40014 SET FOREIGN_KEY_CHECKS=@OLD_FOREIGN_KEY_CHECKS */;
/*!40014 SET UNIQUE_CHECKS=@OLD_UNIQUE_CHECKS */;
/*!40101 SET CHARACTER_SET_CLIENT=@OLD_CHARACTER_SET_CLIENT */;
/*!40101 SET CHARACTER_SET_RESULTS=@OLD_CHARACTER_SET_RESULTS */;
/*!40101 SET COLLATION_CONNECTION=@OLD_COLLATION_CONNECTION */;
/*!40111 SET SQL_NOTES=@OLD_SQL_NOTES */;

-- Dump completed on 2025-01-02 13:50:40
